FECHA_FALLECIMIENTO,AMAZONAS,ANCASH,APURIMAC,AREQUIPA,AYACUCHO,CAJAMARCA,CALLAO,CUSCO,HUANCAVELICA,HUANUCO,ICA,JUNIN,LA LIBERTAD,LAMBAYEQUE,LIMA METROPOLITANA,LIMA REGION,LORETO,MADRE DE DIOS,MOQUEGUA,PASCO,PIURA,PUNO,SAN MARTIN,TACNA,TUMBES,UCAYALI
2020-03-03,0.0,0.0,0.0,0.0,0.0,0.0,0.0,0.0,0.0,0.0,0.0,0.0,0.0,0.0,0.0,0.0,0.0,0.0,0.0,0.0,0.0,0.0,1.0,0.0,0.0,0.0
2020-03-07,0.0,0.0,0.0,0.0,0.0,0.0,0.0,0.0,0.0,0.0,0.0,0.0,0.0,0.0,0.0,0.0,1.0,0.0,0.0,0.0,0.0,0.0,0.0,0.0,0.0,0.0
2020-03-11,0.0,0.0,0.0,0.0,0.0,0.0,0.0,0.0,0.0,0.0,0.0,0.0,0.0,0.0,0.0,0.0,0.0,0.0,0.0,0.0,1.0,0.0,0.0,0.0,0.0,0.0
2020-03-14,0.0,0.0,0.0,0.0,0.0,0.0,0.0,0.0,0.0,0.0,0.0,0.0,0.0,0.0,1.0,0.0,1.0,0.0,0.0,0.0,0.0,0.0,0.0,0.0,0.0,0.0
2020-03-16,0.0,0.0,0.0,0.0,1.0,0.0,0.0,0.0,0.0,0.0,0.0,0.0,0.0,0.0,3.0,0.0,0.0,0.0,0.0,0.0,0.0,0.0,0.0,0.0,0.0,0.0
2020-03-17,0.0,0.0,0.0,0.0,0.0,0.0,0.0,1.0,0.0,0.0,1.0,1.0,0.0,0.0,1.0,0.0,1.0,0.0,0.0,0.0,0.0,0.0,0.0,0.0,0.0,1.0
2020-03-18,0.0,0.0,0.0,0.0,0.0,0.0,0.0,0.0,0.0,0.0,0.0,0.0,0.0,1.0,3.0,0.0,1.0,0.0,0.0,0.0,0.0,0.0,0.0,0.0,0.0,0.0
2020-03-19,0.0,0.0,0.0,0.0,0.0,0.0,0.0,0.0,0.0,0.0,0.0,0.0,0.0,1.0,5.0,0.0,0.0,0.0,0.0,0.0,0.0,0.0,0.0,0.0,0.0,0.0
2020-03-20,0.0,0.0,0.0,0.0,0.0,0.0,0.0,0.0,0.0,0.0,0.0,0.0,0.0,1.0,2.0,0.0,1.0,0.0,0.0,0.0,0.0,0.0,0.0,0.0,0.0,0.0
2020-03-21,0.0,0.0,0.0,0.0,0.0,0.0,0.0,0.0,0.0,0.0,0.0,0.0,0.0,1.0,1.0,0.0,0.0,0.0,0.0,0.0,1.0,0.0,0.0,0.0,0.0,1.0
2020-03-22,0.0,0.0,0.0,0.0,0.0,0.0,2.0,0.0,0.0,0.0,0.0,0.0,0.0,0.0,1.0,0.0,1.0,0.0,0.0,0.0,1.0,0.0,0.0,0.0,0.0,0.0
2020-03-23,0.0,0.0,0.0,0.0,0.0,0.0,0.0,0.0,0.0,0.0,0.0,0.0,0.0,0.0,5.0,0.0,0.0,1.0,0.0,0.0,0.0,0.0,0.0,0.0,0.0,0.0
2020-03-24,0.0,1.0,0.0,0.0,0.0,0.0,0.0,2.0,0.0,0.0,0.0,0.0,1.0,0.0,4.0,0.0,2.0,0.0,0.0,0.0,0.0,1.0,0.0,0.0,0.0,1.0
2020-03-25,0.0,0.0,0.0,0.0,0.0,0.0,0.0,0.0,0.0,0.0,0.0,0.0,0.0,0.0,3.0,0.0,2.0,0.0,0.0,0.0,1.0,0.0,0.0,0.0,0.0,0.0
2020-03-26,0.0,0.0,0.0,0.0,0.0,0.0,0.0,0.0,0.0,0.0,0.0,0.0,1.0,3.0,3.0,0.0,0.0,0.0,0.0,0.0,0.0,0.0,0.0,0.0,0.0,1.0
2020-03-27,0.0,1.0,0.0,0.0,0.0,0.0,0.0,2.0,0.0,0.0,0.0,0.0,0.0,0.0,9.0,1.0,1.0,0.0,0.0,0.0,0.0,0.0,0.0,0.0,0.0,1.0
2020-03-28,0.0,1.0,0.0,0.0,0.0,0.0,0.0,0.0,0.0,0.0,1.0,0.0,0.0,1.0,6.0,0.0,0.0,0.0,0.0,0.0,0.0,0.0,0.0,0.0,0.0,0.0
2020-03-29,0.0,0.0,0.0,1.0,0.0,0.0,0.0,0.0,0.0,0.0,0.0,0.0,0.0,1.0,11.0,0.0,3.0,0.0,0.0,0.0,1.0,0.0,0.0,0.0,0.0,1.0
2020-03-30,0.0,0.0,0.0,0.0,0.0,0.0,0.0,0.0,0.0,0.0,1.0,1.0,1.0,4.0,11.0,0.0,2.0,0.0,0.0,0.0,0.0,0.0,1.0,0.0,1.0,3.0
2020-03-31,0.0,0.0,0.0,1.0,0.0,0.0,2.0,0.0,0.0,0.0,0.0,0.0,1.0,3.0,13.0,1.0,1.0,0.0,0.0,0.0,0.0,0.0,1.0,0.0,0.0,0.0
2020-04-01,0.0,0.0,0.0,2.0,0.0,1.0,5.0,0.0,0.0,0.0,1.0,0.0,0.0,1.0,9.0,0.0,1.0,0.0,0.0,0.0,0.0,0.0,0.0,1.0,1.0,0.0
2020-04-02,0.0,0.0,0.0,3.0,0.0,0.0,3.0,1.0,0.0,0.0,2.0,0.0,1.0,0.0,13.0,0.0,1.0,0.0,0.0,0.0,1.0,0.0,0.0,0.0,0.0,1.0
2020-04-03,0.0,0.0,0.0,3.0,0.0,1.0,2.0,0.0,0.0,0.0,3.0,0.0,0.0,5.0,29.0,1.0,1.0,0.0,0.0,0.0,2.0,0.0,0.0,0.0,1.0,1.0
2020-04-04,0.0,0.0,0.0,5.0,0.0,0.0,2.0,0.0,0.0,0.0,2.0,1.0,1.0,5.0,31.0,2.0,0.0,0.0,0.0,0.0,5.0,0.0,0.0,0.0,0.0,5.0
2020-04-05,1.0,1.0,0.0,1.0,0.0,0.0,2.0,0.0,0.0,2.0,1.0,2.0,1.0,5.0,18.0,2.0,4.0,0.0,0.0,0.0,2.0,0.0,1.0,0.0,0.0,0.0
2020-04-06,0.0,0.0,1.0,1.0,0.0,1.0,6.0,0.0,0.0,0.0,3.0,0.0,3.0,8.0,33.0,0.0,1.0,0.0,0.0,0.0,3.0,0.0,0.0,0.0,2.0,1.0
2020-04-07,0.0,3.0,0.0,2.0,0.0,0.0,2.0,0.0,0.0,0.0,0.0,0.0,0.0,5.0,31.0,0.0,1.0,0.0,0.0,0.0,3.0,0.0,0.0,0.0,0.0,1.0
2020-04-08,0.0,2.0,0.0,1.0,1.0,1.0,4.0,0.0,0.0,0.0,1.0,4.0,2.0,10.0,61.0,2.0,2.0,0.0,0.0,1.0,3.0,0.0,0.0,0.0,2.0,1.0
2020-04-09,0.0,1.0,0.0,0.0,0.0,0.0,6.0,0.0,0.0,0.0,5.0,2.0,1.0,9.0,46.0,4.0,2.0,0.0,0.0,0.0,2.0,1.0,0.0,0.0,1.0,1.0
2020-04-10,0.0,1.0,0.0,1.0,0.0,0.0,9.0,0.0,1.0,1.0,1.0,1.0,0.0,17.0,50.0,2.0,7.0,0.0,0.0,0.0,8.0,0.0,0.0,0.0,1.0,3.0
2020-04-11,0.0,1.0,0.0,1.0,0.0,2.0,12.0,1.0,0.0,0.0,1.0,0.0,1.0,11.0,52.0,2.0,2.0,0.0,0.0,0.0,4.0,0.0,0.0,0.0,1.0,2.0
2020-04-12,0.0,3.0,0.0,1.0,0.0,0.0,8.0,0.0,0.0,0.0,3.0,2.0,3.0,12.0,62.0,1.0,5.0,0.0,0.0,0.0,4.0,0.0,0.0,0.0,1.0,0.0
2020-04-13,0.0,3.0,0.0,3.0,0.0,2.0,12.0,0.0,0.0,0.0,5.0,3.0,1.0,10.0,58.0,2.0,0.0,0.0,0.0,0.0,8.0,0.0,0.0,0.0,2.0,0.0
2020-04-14,0.0,4.0,0.0,0.0,0.0,0.0,18.0,0.0,0.0,0.0,5.0,3.0,3.0,13.0,78.0,1.0,5.0,0.0,0.0,0.0,8.0,1.0,0.0,0.0,0.0,0.0
2020-04-15,0.0,4.0,0.0,2.0,0.0,1.0,7.0,0.0,0.0,0.0,1.0,0.0,3.0,22.0,72.0,2.0,4.0,0.0,0.0,0.0,11.0,0.0,0.0,0.0,1.0,3.0
2020-04-16,0.0,4.0,0.0,0.0,1.0,1.0,10.0,0.0,0.0,0.0,5.0,1.0,2.0,21.0,89.0,3.0,3.0,0.0,0.0,0.0,12.0,0.0,0.0,0.0,0.0,5.0
2020-04-17,0.0,1.0,0.0,0.0,1.0,0.0,9.0,0.0,0.0,0.0,2.0,0.0,3.0,21.0,77.0,3.0,6.0,0.0,0.0,1.0,8.0,0.0,0.0,0.0,1.0,5.0
2020-04-18,0.0,4.0,0.0,1.0,0.0,0.0,13.0,0.0,0.0,0.0,3.0,2.0,2.0,21.0,81.0,3.0,7.0,0.0,0.0,0.0,13.0,0.0,1.0,0.0,2.0,5.0
2020-04-19,0.0,11.0,1.0,2.0,0.0,0.0,11.0,0.0,0.0,0.0,2.0,3.0,3.0,21.0,106.0,4.0,9.0,0.0,0.0,0.0,18.0,0.0,1.0,0.0,2.0,10.0
2020-04-20,0.0,8.0,0.0,4.0,1.0,2.0,17.0,0.0,1.0,0.0,2.0,0.0,4.0,22.0,106.0,5.0,9.0,0.0,0.0,0.0,18.0,1.0,1.0,0.0,1.0,7.0
2020-04-21,0.0,3.0,0.0,1.0,0.0,0.0,22.0,0.0,0.0,0.0,5.0,1.0,1.0,19.0,119.0,8.0,18.0,0.0,0.0,0.0,14.0,0.0,1.0,0.0,3.0,4.0
2020-04-22,0.0,4.0,0.0,2.0,0.0,0.0,16.0,1.0,0.0,1.0,5.0,1.0,3.0,26.0,128.0,5.0,24.0,0.0,0.0,0.0,17.0,0.0,1.0,0.0,3.0,9.0
2020-04-23,0.0,8.0,1.0,1.0,2.0,0.0,20.0,1.0,0.0,0.0,4.0,2.0,7.0,33.0,105.0,9.0,26.0,0.0,0.0,0.0,15.0,0.0,0.0,1.0,1.0,10.0
2020-04-24,0.0,8.0,0.0,1.0,0.0,0.0,34.0,0.0,1.0,0.0,5.0,1.0,2.0,28.0,127.0,4.0,35.0,0.0,1.0,1.0,20.0,1.0,0.0,0.0,4.0,15.0
2020-04-25,0.0,6.0,1.0,2.0,0.0,1.0,19.0,0.0,0.0,0.0,8.0,3.0,1.0,36.0,123.0,2.0,38.0,1.0,0.0,0.0,25.0,0.0,0.0,0.0,2.0,22.0
2020-04-26,1.0,8.0,0.0,2.0,0.0,0.0,20.0,0.0,0.0,0.0,6.0,3.0,9.0,31.0,138.0,4.0,39.0,0.0,0.0,0.0,25.0,0.0,0.0,0.0,1.0,18.0
2020-04-27,0.0,16.0,0.0,1.0,0.0,2.0,19.0,0.0,0.0,1.0,2.0,4.0,3.0,38.0,143.0,6.0,40.0,0.0,0.0,0.0,24.0,0.0,1.0,0.0,0.0,13.0
2020-04-28,0.0,6.0,0.0,1.0,1.0,0.0,15.0,0.0,2.0,0.0,9.0,1.0,10.0,38.0,148.0,4.0,56.0,0.0,1.0,0.0,29.0,0.0,0.0,0.0,0.0,23.0
2020-04-29,0.0,5.0,0.0,1.0,0.0,2.0,19.0,0.0,0.0,0.0,4.0,0.0,3.0,26.0,147.0,5.0,50.0,0.0,0.0,0.0,39.0,2.0,1.0,0.0,0.0,28.0
2020-04-30,0.0,9.0,0.0,3.0,0.0,0.0,31.0,0.0,0.0,1.0,12.0,0.0,5.0,35.0,172.0,8.0,54.0,0.0,0.0,1.0,39.0,0.0,0.0,0.0,0.0,29.0
2020-05-01,1.0,6.0,0.0,4.0,0.0,1.0,23.0,1.0,0.0,1.0,10.0,2.0,6.0,37.0,197.0,4.0,50.0,0.0,0.0,2.0,26.0,0.0,0.0,0.0,3.0,34.0
2020-05-02,0.0,17.0,0.0,2.0,0.0,0.0,23.0,0.0,0.0,1.0,6.0,3.0,9.0,39.0,173.0,10.0,61.0,0.0,0.0,2.0,40.0,1.0,0.0,1.0,2.0,25.0
2020-05-03,1.0,12.0,0.0,1.0,1.0,0.0,31.0,0.0,0.0,0.0,11.0,1.0,6.0,45.0,180.0,8.0,72.0,0.0,0.0,0.0,41.0,2.0,0.0,0.0,0.0,26.0
2020-05-04,1.0,12.0,0.0,2.0,2.0,0.0,29.0,0.0,1.0,2.0,10.0,8.0,4.0,32.0,186.0,2.0,73.0,0.0,0.0,0.0,35.0,1.0,0.0,0.0,3.0,25.0
2020-05-05,2.0,9.0,0.0,3.0,2.0,0.0,26.0,0.0,0.0,3.0,9.0,2.0,4.0,40.0,185.0,8.0,89.0,0.0,0.0,1.0,50.0,1.0,2.0,1.0,2.0,18.0
2020-05-06,2.0,19.0,0.0,2.0,0.0,3.0,31.0,0.0,0.0,1.0,10.0,1.0,10.0,37.0,187.0,12.0,83.0,1.0,0.0,1.0,56.0,0.0,0.0,0.0,4.0,21.0
2020-05-07,0.0,16.0,1.0,8.0,1.0,0.0,26.0,2.0,1.0,2.0,11.0,0.0,7.0,40.0,188.0,8.0,52.0,0.0,1.0,0.0,58.0,0.0,1.0,0.0,3.0,28.0
2020-05-08,0.0,15.0,0.0,2.0,0.0,0.0,37.0,0.0,0.0,1.0,14.0,8.0,8.0,32.0,187.0,11.0,82.0,0.0,0.0,0.0,53.0,0.0,2.0,1.0,2.0,22.0
2020-05-09,1.0,20.0,0.0,0.0,1.0,1.0,37.0,0.0,0.0,2.0,4.0,7.0,10.0,35.0,232.0,11.0,61.0,1.0,0.0,1.0,60.0,1.0,3.0,0.0,6.0,24.0
2020-05-10,2.0,15.0,0.0,3.0,0.0,1.0,41.0,0.0,1.0,0.0,7.0,9.0,2.0,40.0,236.0,10.0,65.0,0.0,0.0,0.0,56.0,0.0,3.0,0.0,1.0,28.0
2020-05-11,1.0,14.0,0.0,1.0,1.0,0.0,40.0,0.0,0.0,0.0,16.0,2.0,11.0,39.0,220.0,14.0,67.0,0.0,0.0,0.0,56.0,0.0,0.0,0.0,7.0,27.0
2020-05-12,1.0,15.0,0.0,3.0,0.0,0.0,38.0,1.0,0.0,0.0,5.0,4.0,9.0,33.0,216.0,5.0,53.0,0.0,0.0,0.0,50.0,0.0,1.0,0.0,4.0,28.0
2020-05-13,3.0,15.0,0.0,5.0,0.0,0.0,40.0,2.0,0.0,2.0,9.0,4.0,4.0,39.0,245.0,10.0,48.0,1.0,0.0,0.0,65.0,0.0,3.0,0.0,3.0,19.0
2020-05-14,1.0,10.0,0.0,2.0,1.0,0.0,46.0,0.0,1.0,0.0,13.0,0.0,12.0,41.0,268.0,10.0,47.0,0.0,1.0,1.0,63.0,0.0,2.0,1.0,7.0,20.0
2020-05-15,1.0,9.0,0.0,2.0,3.0,0.0,51.0,2.0,0.0,1.0,14.0,6.0,8.0,36.0,224.0,7.0,48.0,1.0,1.0,0.0,73.0,1.0,4.0,0.0,4.0,13.0
2020-05-16,2.0,18.0,0.0,2.0,2.0,4.0,41.0,0.0,0.0,1.0,11.0,5.0,12.0,32.0,231.0,11.0,39.0,0.0,0.0,0.0,66.0,1.0,2.0,1.0,2.0,19.0
2020-05-17,2.0,17.0,0.0,0.0,1.0,1.0,47.0,1.0,0.0,3.0,6.0,10.0,3.0,37.0,252.0,14.0,40.0,0.0,0.0,2.0,61.0,0.0,3.0,0.0,2.0,32.0
2020-05-18,1.0,23.0,0.0,4.0,1.0,2.0,50.0,0.0,0.0,2.0,14.0,4.0,9.0,40.0,290.0,15.0,45.0,0.0,2.0,0.0,79.0,1.0,2.0,3.0,4.0,24.0
2020-05-19,1.0,15.0,0.0,4.0,2.0,3.0,55.0,1.0,0.0,2.0,16.0,2.0,13.0,28.0,228.0,9.0,33.0,0.0,0.0,0.0,82.0,0.0,1.0,0.0,5.0,28.0
2020-05-20,0.0,6.0,0.0,2.0,3.0,0.0,54.0,0.0,0.0,3.0,18.0,3.0,13.0,26.0,277.0,20.0,23.0,3.0,0.0,2.0,69.0,0.0,1.0,0.0,10.0,11.0
2020-05-21,3.0,15.0,0.0,2.0,0.0,1.0,52.0,0.0,0.0,6.0,10.0,5.0,11.0,36.0,257.0,7.0,33.0,1.0,1.0,2.0,63.0,0.0,0.0,0.0,8.0,14.0
2020-05-22,0.0,18.0,0.0,4.0,1.0,2.0,44.0,0.0,0.0,3.0,19.0,4.0,12.0,38.0,235.0,14.0,32.0,0.0,0.0,1.0,65.0,0.0,2.0,0.0,11.0,13.0
2020-05-23,2.0,16.0,0.0,6.0,0.0,0.0,46.0,1.0,3.0,3.0,10.0,4.0,19.0,30.0,264.0,10.0,33.0,0.0,0.0,0.0,69.0,0.0,4.0,0.0,6.0,17.0
2020-05-24,1.0,25.0,1.0,8.0,1.0,0.0,53.0,1.0,2.0,1.0,18.0,6.0,14.0,26.0,286.0,10.0,23.0,1.0,1.0,0.0,74.0,0.0,3.0,2.0,9.0,6.0
2020-05-25,1.0,26.0,1.0,4.0,1.0,1.0,42.0,0.0,2.0,2.0,25.0,3.0,16.0,25.0,291.0,18.0,30.0,0.0,1.0,0.0,77.0,0.0,0.0,1.0,4.0,9.0
2020-05-26,0.0,17.0,0.0,6.0,1.0,0.0,42.0,1.0,0.0,1.0,18.0,8.0,15.0,30.0,280.0,18.0,22.0,0.0,0.0,0.0,58.0,2.0,6.0,0.0,6.0,13.0
2020-05-27,0.0,20.0,1.0,8.0,1.0,2.0,44.0,1.0,0.0,4.0,15.0,4.0,30.0,33.0,309.0,10.0,21.0,0.0,0.0,0.0,65.0,0.0,5.0,0.0,8.0,8.0
2020-05-28,2.0,24.0,0.0,7.0,0.0,1.0,46.0,0.0,0.0,3.0,15.0,3.0,23.0,35.0,266.0,15.0,28.0,0.0,0.0,1.0,56.0,0.0,3.0,0.0,11.0,14.0
2020-05-29,1.0,19.0,0.0,8.0,3.0,2.0,54.0,1.0,0.0,5.0,28.0,10.0,21.0,45.0,301.0,24.0,19.0,0.0,1.0,1.0,74.0,0.0,1.0,0.0,7.0,8.0
2020-05-30,1.0,17.0,0.0,9.0,3.0,3.0,50.0,0.0,1.0,2.0,21.0,6.0,27.0,31.0,299.0,19.0,20.0,0.0,0.0,0.0,63.0,1.0,5.0,1.0,14.0,6.0
2020-05-31,0.0,23.0,1.0,12.0,2.0,1.0,47.0,0.0,1.0,2.0,30.0,2.0,34.0,32.0,264.0,12.0,18.0,1.0,0.0,0.0,61.0,1.0,7.0,1.0,9.0,8.0
2020-06-01,1.0,23.0,0.0,8.0,2.0,1.0,46.0,0.0,1.0,0.0,35.0,6.0,29.0,34.0,327.0,25.0,29.0,2.0,0.0,1.0,64.0,0.0,7.0,0.0,12.0,9.0
2020-06-02,2.0,25.0,0.0,6.0,1.0,0.0,49.0,0.0,0.0,2.0,18.0,3.0,31.0,27.0,259.0,18.0,11.0,1.0,0.0,1.0,56.0,1.0,7.0,1.0,16.0,5.0
2020-06-03,7.0,23.0,1.0,17.0,2.0,2.0,61.0,2.0,1.0,1.0,33.0,4.0,35.0,22.0,233.0,15.0,12.0,2.0,0.0,1.0,51.0,0.0,11.0,0.0,9.0,4.0
2020-06-04,3.0,19.0,1.0,10.0,2.0,3.0,52.0,2.0,0.0,5.0,27.0,3.0,41.0,37.0,303.0,15.0,19.0,4.0,0.0,1.0,40.0,0.0,9.0,0.0,9.0,12.0
2020-06-05,0.0,15.0,0.0,7.0,0.0,0.0,52.0,1.0,0.0,3.0,21.0,3.0,50.0,17.0,284.0,17.0,23.0,4.0,0.0,1.0,51.0,1.0,11.0,0.0,13.0,15.0
2020-06-06,1.0,23.0,1.0,5.0,0.0,4.0,55.0,0.0,1.0,5.0,28.0,4.0,37.0,17.0,302.0,23.0,13.0,3.0,1.0,0.0,52.0,1.0,16.0,2.0,11.0,7.0
2020-06-07,0.0,31.0,1.0,13.0,1.0,2.0,42.0,1.0,1.0,2.0,35.0,2.0,38.0,22.0,254.0,20.0,10.0,2.0,1.0,1.0,59.0,0.0,8.0,0.0,12.0,12.0
2020-06-08,3.0,23.0,0.0,9.0,1.0,3.0,37.0,0.0,0.0,4.0,28.0,4.0,42.0,23.0,297.0,24.0,23.0,7.0,0.0,1.0,55.0,0.0,12.0,2.0,11.0,10.0
2020-06-09,3.0,21.0,1.0,19.0,4.0,3.0,48.0,1.0,0.0,3.0,25.0,6.0,61.0,27.0,260.0,20.0,23.0,3.0,2.0,1.0,42.0,2.0,14.0,0.0,3.0,5.0
2020-06-10,0.0,16.0,0.0,14.0,6.0,4.0,31.0,0.0,0.0,8.0,37.0,6.0,36.0,24.0,297.0,31.0,20.0,4.0,0.0,1.0,50.0,0.0,13.0,0.0,8.0,11.0
2020-06-11,0.0,18.0,2.0,15.0,0.0,2.0,47.0,1.0,0.0,6.0,27.0,3.0,41.0,31.0,290.0,26.0,15.0,2.0,1.0,0.0,37.0,1.0,21.0,0.0,5.0,11.0
2020-06-12,4.0,27.0,0.0,18.0,2.0,2.0,29.0,1.0,0.0,4.0,20.0,6.0,41.0,20.0,276.0,20.0,17.0,3.0,0.0,0.0,43.0,2.0,22.0,1.0,4.0,2.0
2020-06-13,2.0,26.0,0.0,12.0,6.0,4.0,43.0,2.0,1.0,3.0,28.0,10.0,55.0,15.0,280.0,18.0,9.0,6.0,0.0,0.0,47.0,1.0,30.0,0.0,12.0,17.0
2020-06-14,1.0,17.0,2.0,12.0,3.0,3.0,52.0,0.0,0.0,6.0,32.0,11.0,51.0,30.0,261.0,18.0,14.0,6.0,1.0,2.0,47.0,0.0,17.0,1.0,8.0,3.0
2020-06-15,4.0,28.0,1.0,20.0,1.0,5.0,44.0,3.0,0.0,6.0,18.0,6.0,54.0,22.0,291.0,25.0,14.0,3.0,0.0,1.0,38.0,2.0,26.0,1.0,10.0,7.0
2020-06-16,3.0,16.0,1.0,22.0,3.0,3.0,43.0,0.0,0.0,8.0,31.0,8.0,60.0,25.0,261.0,35.0,11.0,4.0,0.0,1.0,37.0,1.0,27.0,2.0,3.0,9.0
2020-06-17,3.0,16.0,0.0,23.0,3.0,2.0,28.0,3.0,0.0,7.0,29.0,10.0,41.0,26.0,279.0,18.0,15.0,4.0,2.0,0.0,41.0,3.0,33.0,0.0,4.0,16.0
2020-06-18,4.0,18.0,1.0,18.0,3.0,2.0,35.0,1.0,0.0,2.0,30.0,8.0,50.0,18.0,231.0,19.0,17.0,7.0,1.0,1.0,31.0,1.0,19.0,0.0,3.0,5.0
2020-06-19,1.0,20.0,0.0,20.0,1.0,1.0,46.0,3.0,0.0,9.0,22.0,11.0,45.0,32.0,269.0,24.0,10.0,6.0,0.0,0.0,50.0,3.0,25.0,1.0,9.0,9.0
2020-06-20,4.0,25.0,1.0,22.0,2.0,3.0,30.0,0.0,1.0,4.0,36.0,4.0,50.0,26.0,255.0,19.0,8.0,6.0,1.0,3.0,43.0,0.0,31.0,0.0,7.0,7.0
2020-06-21,5.0,16.0,2.0,26.0,6.0,2.0,28.0,0.0,0.0,10.0,31.0,9.0,50.0,11.0,233.0,29.0,8.0,9.0,0.0,4.0,30.0,1.0,21.0,0.0,9.0,5.0
2020-06-22,3.0,18.0,1.0,15.0,0.0,7.0,26.0,0.0,0.0,4.0,25.0,9.0,66.0,14.0,222.0,29.0,11.0,4.0,0.0,0.0,35.0,5.0,30.0,2.0,10.0,5.0
2020-06-23,0.0,13.0,0.0,33.0,1.0,4.0,36.0,0.0,1.0,6.0,27.0,7.0,46.0,23.0,236.0,24.0,8.0,5.0,3.0,0.0,35.0,2.0,28.0,2.0,5.0,8.0
2020-06-24,4.0,14.0,1.0,20.0,1.0,5.0,29.0,0.0,0.0,6.0,25.0,16.0,59.0,23.0,214.0,23.0,8.0,11.0,2.0,0.0,36.0,1.0,29.0,0.0,2.0,2.0
2020-06-25,5.0,18.0,1.0,19.0,1.0,2.0,16.0,3.0,0.0,3.0,26.0,4.0,52.0,17.0,226.0,29.0,8.0,3.0,0.0,2.0,34.0,1.0,27.0,2.0,11.0,8.0
2020-06-26,11.0,19.0,1.0,24.0,2.0,8.0,27.0,1.0,0.0,7.0,20.0,10.0,37.0,20.0,214.0,38.0,13.0,6.0,0.0,0.0,26.0,1.0,25.0,2.0,6.0,9.0
2020-06-27,7.0,14.0,0.0,25.0,0.0,12.0,26.0,1.0,2.0,5.0,23.0,14.0,48.0,15.0,215.0,32.0,14.0,2.0,2.0,0.0,37.0,5.0,23.0,2.0,3.0,7.0
2020-06-28,5.0,24.0,1.0,40.0,2.0,12.0,24.0,3.0,1.0,5.0,24.0,11.0,56.0,12.0,205.0,31.0,11.0,6.0,1.0,0.0,26.0,0.0,22.0,1.0,7.0,8.0
2020-06-29,7.0,18.0,1.0,30.0,3.0,11.0,27.0,1.0,0.0,9.0,21.0,8.0,54.0,18.0,195.0,17.0,6.0,7.0,4.0,1.0,26.0,2.0,23.0,0.0,8.0,2.0
2020-06-30,3.0,15.0,0.0,37.0,3.0,10.0,22.0,2.0,1.0,4.0,24.0,17.0,59.0,14.0,236.0,27.0,6.0,7.0,2.0,2.0,32.0,1.0,22.0,2.0,3.0,6.0
2020-07-01,7.0,13.0,1.0,39.0,2.0,8.0,28.0,3.0,0.0,13.0,37.0,15.0,40.0,22.0,209.0,24.0,5.0,7.0,3.0,0.0,26.0,5.0,14.0,0.0,4.0,8.0
2020-07-02,5.0,26.0,1.0,34.0,0.0,18.0,19.0,4.0,0.0,6.0,19.0,13.0,43.0,19.0,226.0,21.0,9.0,4.0,1.0,1.0,39.0,4.0,13.0,1.0,3.0,7.0
2020-07-03,11.0,18.0,1.0,41.0,3.0,10.0,27.0,2.0,0.0,10.0,31.0,19.0,55.0,21.0,232.0,26.0,4.0,5.0,3.0,2.0,27.0,1.0,12.0,0.0,3.0,4.0
2020-07-04,7.0,17.0,1.0,28.0,3.0,7.0,23.0,1.0,3.0,10.0,39.0,22.0,47.0,8.0,201.0,27.0,9.0,6.0,4.0,1.0,28.0,2.0,24.0,2.0,3.0,1.0
2020-07-05,5.0,20.0,1.0,37.0,2.0,18.0,33.0,2.0,1.0,7.0,29.0,24.0,50.0,26.0,231.0,18.0,6.0,10.0,1.0,1.0,22.0,4.0,19.0,1.0,6.0,8.0
2020-07-06,13.0,23.0,0.0,36.0,3.0,19.0,28.0,0.0,4.0,10.0,31.0,27.0,56.0,18.0,206.0,22.0,11.0,4.0,5.0,3.0,23.0,2.0,9.0,0.0,4.0,3.0
2020-07-07,2.0,21.0,0.0,36.0,4.0,14.0,23.0,2.0,2.0,5.0,38.0,24.0,51.0,11.0,226.0,19.0,8.0,8.0,2.0,1.0,16.0,3.0,19.0,1.0,3.0,4.0
2020-07-08,4.0,20.0,1.0,46.0,1.0,14.0,33.0,3.0,6.0,10.0,23.0,18.0,45.0,12.0,225.0,29.0,5.0,8.0,6.0,3.0,27.0,3.0,21.0,1.0,2.0,5.0
2020-07-09,7.0,19.0,0.0,41.0,2.0,8.0,21.0,3.0,3.0,9.0,34.0,26.0,40.0,14.0,206.0,25.0,7.0,5.0,5.0,2.0,23.0,2.0,11.0,2.0,4.0,3.0
2020-07-10,9.0,18.0,1.0,54.0,3.0,10.0,18.0,5.0,0.0,13.0,33.0,23.0,56.0,15.0,238.0,27.0,9.0,3.0,7.0,1.0,12.0,1.0,17.0,1.0,2.0,3.0
2020-07-11,4.0,18.0,2.0,43.0,5.0,19.0,30.0,7.0,3.0,10.0,31.0,22.0,38.0,16.0,237.0,26.0,7.0,7.0,5.0,4.0,22.0,2.0,11.0,5.0,4.0,4.0
2020-07-12,12.0,21.0,0.0,48.0,9.0,16.0,34.0,5.0,2.0,21.0,27.0,23.0,43.0,10.0,214.0,26.0,2.0,6.0,4.0,5.0,20.0,4.0,20.0,2.0,6.0,11.0
2020-07-13,7.0,22.0,0.0,50.0,5.0,13.0,26.0,3.0,2.0,13.0,35.0,31.0,53.0,18.0,211.0,35.0,3.0,3.0,4.0,3.0,31.0,2.0,11.0,7.0,3.0,7.0
2020-07-14,3.0,12.0,0.0,59.0,4.0,20.0,34.0,3.0,1.0,15.0,33.0,28.0,45.0,17.0,216.0,34.0,8.0,7.0,7.0,4.0,21.0,2.0,17.0,1.0,2.0,3.0
2020-07-15,10.0,16.0,2.0,53.0,9.0,26.0,25.0,5.0,1.0,8.0,39.0,23.0,43.0,20.0,228.0,36.0,5.0,5.0,7.0,3.0,25.0,5.0,16.0,1.0,3.0,4.0
2020-07-16,3.0,18.0,1.0,41.0,8.0,20.0,20.0,7.0,3.0,9.0,23.0,22.0,41.0,23.0,222.0,28.0,3.0,14.0,5.0,3.0,24.0,3.0,16.0,4.0,5.0,6.0
2020-07-17,6.0,21.0,0.0,49.0,1.0,22.0,28.0,6.0,4.0,6.0,31.0,32.0,33.0,15.0,235.0,33.0,13.0,6.0,4.0,2.0,14.0,5.0,17.0,6.0,3.0,7.0
2020-07-18,8.0,25.0,0.0,56.0,4.0,23.0,34.0,6.0,4.0,10.0,28.0,27.0,41.0,16.0,222.0,21.0,8.0,5.0,5.0,1.0,22.0,10.0,8.0,5.0,5.0,6.0
2020-07-19,6.0,19.0,1.0,47.0,5.0,19.0,24.0,4.0,1.0,11.0,26.0,26.0,50.0,26.0,224.0,30.0,4.0,6.0,16.0,1.0,18.0,6.0,7.0,5.0,3.0,7.0
2020-07-20,4.0,14.0,3.0,63.0,8.0,24.0,21.0,11.0,6.0,14.0,32.0,23.0,26.0,17.0,238.0,30.0,9.0,3.0,15.0,1.0,27.0,6.0,16.0,6.0,4.0,9.0
2020-07-21,12.0,21.0,1.0,53.0,11.0,22.0,25.0,4.0,1.0,9.0,25.0,24.0,48.0,18.0,217.0,28.0,5.0,4.0,11.0,3.0,18.0,8.0,16.0,6.0,3.0,8.0
2020-07-22,9.0,17.0,1.0,64.0,6.0,24.0,29.0,20.0,3.0,6.0,24.0,31.0,34.0,16.0,231.0,32.0,5.0,3.0,8.0,0.0,14.0,10.0,14.0,8.0,3.0,6.0
2020-07-23,8.0,28.0,1.0,61.0,8.0,19.0,38.0,10.0,5.0,8.0,23.0,26.0,40.0,15.0,222.0,19.0,5.0,2.0,22.0,3.0,17.0,12.0,15.0,7.0,3.0,2.0
2020-07-24,5.0,22.0,1.0,47.0,10.0,22.0,27.0,7.0,5.0,11.0,23.0,20.0,36.0,15.0,238.0,29.0,5.0,2.0,7.0,4.0,17.0,10.0,8.0,6.0,2.0,2.0
2020-07-25,7.0,24.0,2.0,56.0,9.0,33.0,31.0,13.0,3.0,8.0,17.0,25.0,51.0,17.0,199.0,28.0,4.0,3.0,13.0,5.0,16.0,14.0,16.0,13.0,4.0,6.0
2020-07-26,4.0,22.0,2.0,67.0,7.0,21.0,31.0,9.0,5.0,10.0,20.0,24.0,35.0,15.0,219.0,24.0,7.0,0.0,21.0,2.0,20.0,19.0,14.0,15.0,3.0,7.0
2020-07-27,7.0,17.0,1.0,61.0,11.0,26.0,26.0,19.0,2.0,10.0,33.0,31.0,36.0,18.0,235.0,24.0,5.0,6.0,17.0,1.0,14.0,21.0,12.0,8.0,2.0,13.0
2020-07-28,3.0,22.0,2.0,52.0,3.0,19.0,21.0,25.0,2.0,7.0,30.0,31.0,40.0,16.0,242.0,23.0,5.0,5.0,11.0,1.0,12.0,13.0,12.0,9.0,4.0,6.0
2020-07-29,5.0,16.0,4.0,40.0,9.0,18.0,22.0,12.0,3.0,7.0,21.0,29.0,28.0,13.0,263.0,14.0,3.0,1.0,13.0,1.0,15.0,14.0,15.0,10.0,3.0,10.0
2020-07-30,5.0,17.0,1.0,59.0,9.0,18.0,20.0,28.0,3.0,7.0,25.0,24.0,38.0,17.0,214.0,25.0,6.0,4.0,15.0,4.0,18.0,13.0,14.0,11.0,5.0,4.0
2020-07-31,5.0,17.0,1.0,55.0,10.0,18.0,29.0,32.0,3.0,3.0,24.0,24.0,36.0,12.0,248.0,29.0,3.0,2.0,15.0,0.0,18.0,25.0,7.0,14.0,0.0,4.0
2020-08-01,1.0,18.0,0.0,60.0,8.0,19.0,23.0,29.0,4.0,10.0,33.0,37.0,30.0,16.0,252.0,22.0,7.0,7.0,17.0,4.0,30.0,19.0,8.0,9.0,2.0,6.0
2020-08-02,9.0,17.0,3.0,41.0,8.0,17.0,24.0,20.0,4.0,2.0,17.0,27.0,26.0,24.0,226.0,18.0,8.0,4.0,17.0,0.0,19.0,20.0,12.0,8.0,3.0,5.0
2020-08-03,4.0,18.0,3.0,53.0,6.0,21.0,31.0,26.0,7.0,16.0,38.0,22.0,26.0,19.0,242.0,21.0,8.0,5.0,20.0,4.0,16.0,27.0,9.0,13.0,4.0,4.0
2020-08-04,4.0,23.0,1.0,42.0,6.0,20.0,28.0,21.0,3.0,14.0,34.0,32.0,28.0,16.0,262.0,21.0,4.0,3.0,29.0,4.0,20.0,17.0,5.0,13.0,4.0,4.0
2020-08-05,3.0,23.0,0.0,40.0,3.0,13.0,27.0,15.0,3.0,9.0,27.0,24.0,23.0,22.0,244.0,19.0,6.0,2.0,16.0,1.0,24.0,19.0,14.0,15.0,3.0,8.0
2020-08-06,3.0,14.0,2.0,68.0,12.0,24.0,29.0,29.0,3.0,8.0,29.0,18.0,35.0,12.0,237.0,19.0,11.0,3.0,11.0,2.0,16.0,17.0,6.0,17.0,2.0,3.0
2020-08-07,4.0,12.0,3.0,52.0,16.0,17.0,29.0,30.0,6.0,18.0,27.0,28.0,21.0,20.0,231.0,30.0,4.0,7.0,23.0,7.0,19.0,31.0,11.0,18.0,2.0,3.0
2020-08-08,4.0,10.0,7.0,43.0,10.0,15.0,33.0,32.0,9.0,8.0,17.0,35.0,33.0,10.0,262.0,22.0,6.0,2.0,21.0,3.0,21.0,24.0,6.0,14.0,2.0,4.0
2020-08-09,3.0,16.0,1.0,49.0,11.0,12.0,27.0,19.0,7.0,5.0,26.0,26.0,35.0,18.0,207.0,25.0,4.0,4.0,16.0,3.0,19.0,24.0,10.0,14.0,2.0,2.0
2020-08-10,6.0,13.0,4.0,44.0,10.0,22.0,14.0,17.0,11.0,8.0,26.0,25.0,30.0,20.0,241.0,23.0,4.0,3.0,26.0,4.0,29.0,22.0,5.0,20.0,4.0,4.0
2020-08-11,0.0,12.0,0.0,43.0,8.0,14.0,25.0,24.0,5.0,14.0,21.0,21.0,29.0,13.0,235.0,26.0,4.0,3.0,12.0,3.0,22.0,27.0,7.0,15.0,4.0,1.0
2020-08-12,4.0,13.0,6.0,44.0,14.0,13.0,27.0,22.0,8.0,3.0,21.0,22.0,22.0,20.0,246.0,29.0,1.0,3.0,14.0,5.0,18.0,33.0,14.0,14.0,1.0,6.0
2020-08-13,2.0,17.0,3.0,35.0,22.0,13.0,22.0,32.0,8.0,11.0,20.0,22.0,26.0,14.0,248.0,30.0,4.0,2.0,14.0,2.0,35.0,36.0,9.0,20.0,2.0,6.0
2020-08-14,5.0,21.0,3.0,42.0,18.0,11.0,29.0,27.0,8.0,14.0,21.0,21.0,27.0,24.0,243.0,23.0,6.0,2.0,12.0,2.0,30.0,37.0,6.0,15.0,3.0,1.0
2020-08-15,1.0,10.0,5.0,35.0,10.0,10.0,25.0,34.0,2.0,9.0,19.0,16.0,21.0,15.0,244.0,21.0,1.0,3.0,14.0,1.0,23.0,36.0,7.0,16.0,0.0,8.0
2020-08-16,4.0,12.0,6.0,38.0,7.0,15.0,19.0,33.0,14.0,5.0,22.0,10.0,22.0,15.0,209.0,20.0,7.0,3.0,13.0,1.0,19.0,31.0,8.0,8.0,4.0,6.0
2020-08-17,1.0,22.0,1.0,44.0,10.0,9.0,28.0,31.0,2.0,5.0,29.0,16.0,25.0,15.0,237.0,30.0,4.0,6.0,9.0,0.0,20.0,31.0,8.0,16.0,1.0,14.0
2020-08-18,2.0,9.0,5.0,33.0,13.0,15.0,19.0,30.0,3.0,10.0,23.0,17.0,19.0,26.0,221.0,25.0,2.0,3.0,10.0,6.0,24.0,37.0,9.0,10.0,1.0,4.0
2020-08-19,0.0,13.0,2.0,34.0,8.0,17.0,21.0,28.0,4.0,4.0,19.0,17.0,27.0,19.0,201.0,14.0,4.0,2.0,8.0,3.0,18.0,38.0,4.0,9.0,1.0,2.0
2020-08-20,0.0,9.0,2.0,45.0,11.0,13.0,26.0,31.0,2.0,7.0,26.0,17.0,16.0,13.0,200.0,22.0,1.0,1.0,4.0,3.0,20.0,17.0,5.0,10.0,0.0,5.0
2020-08-21,6.0,17.0,4.0,31.0,8.0,6.0,10.0,31.0,5.0,9.0,21.0,18.0,16.0,16.0,204.0,18.0,5.0,0.0,14.0,2.0,25.0,25.0,10.0,14.0,0.0,5.0
2020-08-22,1.0,14.0,0.0,20.0,13.0,13.0,21.0,21.0,6.0,6.0,16.0,17.0,18.0,14.0,237.0,21.0,2.0,1.0,14.0,4.0,17.0,21.0,4.0,9.0,2.0,3.0
2020-08-23,5.0,20.0,5.0,27.0,5.0,12.0,22.0,16.0,4.0,5.0,18.0,19.0,23.0,16.0,209.0,19.0,6.0,2.0,8.0,9.0,21.0,33.0,7.0,8.0,1.0,5.0
2020-08-24,2.0,13.0,2.0,33.0,7.0,16.0,12.0,16.0,8.0,10.0,27.0,26.0,29.0,17.0,195.0,12.0,4.0,3.0,8.0,6.0,24.0,20.0,5.0,14.0,2.0,4.0
2020-08-25,4.0,12.0,4.0,27.0,12.0,18.0,28.0,23.0,1.0,8.0,15.0,17.0,15.0,20.0,208.0,17.0,4.0,0.0,13.0,2.0,27.0,21.0,8.0,12.0,5.0,4.0
2020-08-26,1.0,14.0,5.0,32.0,8.0,8.0,17.0,18.0,4.0,10.0,20.0,18.0,21.0,15.0,176.0,10.0,3.0,1.0,8.0,2.0,23.0,17.0,2.0,8.0,3.0,3.0
2020-08-27,3.0,10.0,5.0,28.0,3.0,6.0,22.0,23.0,3.0,11.0,21.0,25.0,12.0,19.0,196.0,15.0,6.0,3.0,4.0,3.0,22.0,20.0,10.0,18.0,2.0,2.0
2020-08-28,2.0,11.0,3.0,26.0,9.0,11.0,17.0,23.0,5.0,7.0,15.0,25.0,28.0,11.0,195.0,16.0,3.0,4.0,12.0,4.0,16.0,17.0,6.0,12.0,2.0,6.0
2020-08-29,1.0,24.0,0.0,19.0,4.0,6.0,18.0,24.0,9.0,6.0,12.0,16.0,16.0,15.0,185.0,9.0,3.0,2.0,6.0,1.0,20.0,14.0,4.0,5.0,2.0,7.0
2020-08-30,1.0,12.0,2.0,28.0,4.0,12.0,18.0,21.0,3.0,7.0,16.0,15.0,13.0,14.0,146.0,10.0,2.0,0.0,6.0,2.0,20.0,20.0,2.0,5.0,2.0,4.0
2020-08-31,2.0,7.0,3.0,25.0,18.0,12.0,20.0,22.0,5.0,5.0,8.0,14.0,21.0,10.0,162.0,18.0,2.0,1.0,7.0,3.0,18.0,14.0,9.0,9.0,3.0,10.0
2020-09-01,1.0,8.0,4.0,16.0,6.0,4.0,18.0,8.0,5.0,4.0,16.0,15.0,18.0,7.0,180.0,10.0,0.0,0.0,6.0,2.0,18.0,15.0,2.0,5.0,4.0,5.0
2020-09-02,1.0,6.0,6.0,17.0,11.0,9.0,18.0,20.0,2.0,3.0,16.0,8.0,18.0,18.0,174.0,18.0,2.0,1.0,2.0,2.0,13.0,15.0,2.0,12.0,3.0,3.0
2020-09-03,1.0,11.0,3.0,19.0,5.0,5.0,9.0,10.0,1.0,8.0,20.0,15.0,13.0,17.0,150.0,17.0,1.0,2.0,2.0,1.0,18.0,12.0,5.0,7.0,4.0,3.0
2020-09-04,0.0,13.0,3.0,18.0,10.0,10.0,10.0,7.0,3.0,3.0,14.0,17.0,15.0,14.0,147.0,15.0,3.0,2.0,3.0,4.0,22.0,18.0,3.0,6.0,1.0,5.0
2020-09-05,2.0,13.0,2.0,19.0,5.0,9.0,19.0,14.0,4.0,4.0,11.0,12.0,8.0,10.0,153.0,16.0,2.0,0.0,2.0,3.0,16.0,14.0,8.0,7.0,1.0,7.0
2020-09-06,5.0,11.0,2.0,11.0,4.0,10.0,7.0,9.0,2.0,4.0,15.0,13.0,13.0,24.0,152.0,9.0,4.0,0.0,6.0,3.0,19.0,10.0,5.0,6.0,4.0,6.0
2020-09-07,3.0,9.0,6.0,17.0,8.0,3.0,17.0,4.0,3.0,1.0,11.0,11.0,13.0,15.0,143.0,13.0,2.0,2.0,1.0,1.0,24.0,12.0,2.0,7.0,1.0,4.0
2020-09-08,3.0,8.0,3.0,14.0,5.0,6.0,16.0,7.0,1.0,0.0,10.0,13.0,10.0,13.0,158.0,12.0,3.0,1.0,1.0,4.0,10.0,13.0,3.0,3.0,1.0,3.0
2020-09-09,8.0,7.0,0.0,22.0,8.0,9.0,18.0,14.0,4.0,8.0,16.0,5.0,13.0,11.0,121.0,18.0,2.0,1.0,3.0,2.0,12.0,9.0,3.0,4.0,4.0,1.0
2020-09-10,3.0,7.0,2.0,14.0,2.0,3.0,12.0,12.0,2.0,3.0,14.0,10.0,18.0,17.0,128.0,6.0,2.0,1.0,2.0,1.0,19.0,8.0,3.0,5.0,4.0,6.0
2020-09-11,3.0,11.0,3.0,15.0,1.0,8.0,17.0,9.0,3.0,3.0,17.0,11.0,9.0,17.0,115.0,6.0,2.0,0.0,1.0,0.0,14.0,9.0,8.0,7.0,2.0,3.0
2020-09-12,2.0,8.0,3.0,18.0,4.0,7.0,16.0,10.0,5.0,4.0,12.0,11.0,18.0,16.0,105.0,9.0,2.0,1.0,2.0,0.0,18.0,9.0,2.0,4.0,3.0,2.0
2020-09-13,5.0,3.0,4.0,19.0,2.0,10.0,20.0,6.0,3.0,5.0,10.0,7.0,14.0,10.0,112.0,9.0,0.0,0.0,3.0,1.0,16.0,10.0,5.0,3.0,1.0,1.0
2020-09-14,1.0,9.0,1.0,14.0,7.0,5.0,19.0,9.0,0.0,7.0,10.0,5.0,17.0,12.0,122.0,7.0,1.0,2.0,2.0,0.0,18.0,8.0,3.0,5.0,0.0,4.0
2020-09-15,1.0,9.0,1.0,11.0,4.0,10.0,5.0,11.0,2.0,4.0,11.0,12.0,15.0,10.0,114.0,13.0,2.0,0.0,4.0,3.0,17.0,6.0,5.0,5.0,1.0,5.0
2020-09-16,0.0,5.0,1.0,12.0,1.0,9.0,17.0,5.0,2.0,3.0,10.0,5.0,14.0,9.0,111.0,7.0,0.0,2.0,0.0,4.0,18.0,8.0,7.0,6.0,0.0,4.0
2020-09-17,2.0,8.0,1.0,18.0,3.0,5.0,10.0,8.0,3.0,1.0,11.0,11.0,8.0,13.0,115.0,5.0,3.0,1.0,1.0,1.0,15.0,5.0,0.0,4.0,0.0,3.0
2020-09-18,6.0,10.0,3.0,11.0,1.0,2.0,10.0,6.0,1.0,2.0,8.0,7.0,10.0,17.0,104.0,10.0,2.0,0.0,3.0,1.0,13.0,7.0,2.0,3.0,4.0,3.0
2020-09-19,6.0,14.0,3.0,9.0,5.0,10.0,19.0,4.0,0.0,1.0,6.0,11.0,16.0,12.0,113.0,14.0,1.0,1.0,2.0,2.0,14.0,9.0,2.0,6.0,2.0,1.0
2020-09-20,2.0,10.0,6.0,5.0,4.0,4.0,11.0,10.0,1.0,2.0,13.0,6.0,12.0,11.0,114.0,5.0,0.0,0.0,0.0,3.0,12.0,2.0,3.0,5.0,0.0,0.0
2020-09-21,3.0,7.0,2.0,12.0,6.0,2.0,16.0,7.0,1.0,4.0,5.0,8.0,9.0,12.0,89.0,6.0,3.0,1.0,3.0,3.0,9.0,11.0,3.0,6.0,2.0,4.0
2020-09-22,2.0,10.0,3.0,7.0,3.0,2.0,8.0,5.0,0.0,2.0,12.0,13.0,10.0,16.0,89.0,12.0,0.0,1.0,3.0,2.0,20.0,6.0,3.0,2.0,2.0,1.0
2020-09-23,3.0,5.0,4.0,4.0,4.0,2.0,7.0,8.0,1.0,5.0,10.0,9.0,6.0,17.0,102.0,6.0,1.0,0.0,5.0,0.0,12.0,3.0,3.0,0.0,1.0,4.0
2020-09-24,3.0,6.0,1.0,10.0,3.0,9.0,12.0,8.0,0.0,6.0,18.0,8.0,5.0,10.0,78.0,5.0,2.0,1.0,2.0,2.0,9.0,6.0,6.0,4.0,0.0,0.0
2020-09-25,2.0,3.0,2.0,9.0,2.0,6.0,9.0,12.0,1.0,3.0,15.0,9.0,11.0,10.0,96.0,3.0,0.0,0.0,1.0,0.0,9.0,3.0,6.0,2.0,1.0,4.0
2020-09-26,2.0,4.0,1.0,9.0,2.0,7.0,14.0,7.0,0.0,4.0,10.0,6.0,10.0,7.0,103.0,10.0,2.0,1.0,1.0,2.0,13.0,5.0,3.0,0.0,5.0,3.0
2020-09-27,1.0,5.0,2.0,12.0,1.0,7.0,5.0,5.0,1.0,1.0,4.0,5.0,3.0,8.0,70.0,7.0,0.0,1.0,2.0,4.0,8.0,6.0,3.0,1.0,1.0,3.0
2020-09-28,2.0,6.0,1.0,8.0,4.0,4.0,11.0,8.0,2.0,1.0,7.0,10.0,9.0,15.0,76.0,3.0,0.0,1.0,2.0,3.0,15.0,3.0,3.0,3.0,0.0,3.0
2020-09-29,2.0,3.0,3.0,4.0,0.0,4.0,7.0,5.0,0.0,5.0,9.0,8.0,7.0,9.0,70.0,6.0,2.0,1.0,1.0,2.0,14.0,5.0,4.0,2.0,0.0,3.0
2020-09-30,0.0,7.0,0.0,5.0,5.0,4.0,5.0,8.0,1.0,0.0,8.0,3.0,5.0,4.0,74.0,7.0,0.0,2.0,4.0,1.0,8.0,0.0,5.0,3.0,1.0,0.0
2020-10-01,0.0,7.0,3.0,9.0,2.0,2.0,10.0,8.0,0.0,2.0,5.0,5.0,6.0,8.0,76.0,9.0,1.0,0.0,1.0,0.0,13.0,7.0,1.0,4.0,3.0,2.0
2020-10-02,4.0,3.0,0.0,5.0,4.0,4.0,9.0,4.0,1.0,0.0,8.0,4.0,6.0,15.0,68.0,7.0,1.0,0.0,2.0,0.0,12.0,3.0,0.0,1.0,1.0,1.0
2020-10-03,0.0,4.0,1.0,4.0,1.0,2.0,8.0,3.0,1.0,3.0,4.0,6.0,8.0,6.0,91.0,5.0,0.0,1.0,1.0,1.0,13.0,3.0,2.0,2.0,1.0,0.0
2020-10-04,1.0,4.0,2.0,14.0,3.0,6.0,9.0,3.0,3.0,3.0,9.0,5.0,6.0,8.0,75.0,11.0,0.0,0.0,1.0,1.0,11.0,2.0,3.0,0.0,2.0,2.0
2020-10-05,0.0,2.0,2.0,8.0,2.0,7.0,10.0,5.0,3.0,3.0,8.0,4.0,2.0,13.0,74.0,7.0,2.0,0.0,3.0,0.0,4.0,2.0,2.0,3.0,0.0,1.0
2020-10-06,1.0,4.0,1.0,8.0,3.0,1.0,6.0,3.0,2.0,4.0,7.0,6.0,5.0,7.0,86.0,2.0,4.0,0.0,3.0,1.0,10.0,6.0,3.0,1.0,0.0,1.0
2020-10-07,1.0,5.0,2.0,8.0,1.0,6.0,11.0,2.0,0.0,5.0,4.0,5.0,3.0,14.0,76.0,10.0,2.0,0.0,3.0,1.0,8.0,8.0,2.0,1.0,1.0,2.0
2020-10-08,1.0,3.0,2.0,8.0,7.0,3.0,6.0,4.0,0.0,3.0,7.0,6.0,8.0,9.0,53.0,5.0,1.0,1.0,3.0,1.0,10.0,4.0,1.0,3.0,0.0,1.0
2020-10-09,2.0,9.0,0.0,5.0,3.0,1.0,10.0,2.0,1.0,1.0,8.0,7.0,9.0,8.0,58.0,4.0,2.0,0.0,1.0,1.0,13.0,6.0,4.0,0.0,1.0,3.0
2020-10-10,1.0,1.0,4.0,5.0,1.0,3.0,14.0,3.0,0.0,1.0,3.0,4.0,7.0,16.0,60.0,8.0,0.0,0.0,3.0,2.0,7.0,5.0,3.0,1.0,0.0,1.0
2020-10-11,1.0,5.0,1.0,9.0,4.0,2.0,10.0,3.0,1.0,2.0,1.0,6.0,3.0,9.0,50.0,2.0,3.0,0.0,1.0,0.0,14.0,5.0,1.0,1.0,0.0,2.0
2020-10-12,2.0,4.0,0.0,3.0,3.0,2.0,10.0,1.0,2.0,3.0,9.0,3.0,5.0,8.0,67.0,6.0,2.0,0.0,0.0,0.0,12.0,1.0,1.0,0.0,0.0,5.0
2020-10-13,1.0,6.0,0.0,11.0,1.0,2.0,7.0,4.0,2.0,1.0,3.0,7.0,10.0,10.0,61.0,5.0,0.0,1.0,0.0,0.0,6.0,2.0,4.0,0.0,4.0,1.0
2020-10-14,1.0,3.0,3.0,6.0,1.0,4.0,4.0,3.0,0.0,3.0,3.0,6.0,12.0,15.0,48.0,6.0,3.0,1.0,0.0,1.0,7.0,4.0,1.0,1.0,0.0,1.0
2020-10-15,2.0,7.0,3.0,5.0,3.0,4.0,6.0,2.0,1.0,1.0,6.0,3.0,3.0,12.0,55.0,2.0,2.0,0.0,1.0,0.0,5.0,6.0,1.0,0.0,1.0,1.0
2020-10-16,1.0,2.0,2.0,2.0,3.0,2.0,10.0,3.0,0.0,2.0,4.0,1.0,4.0,11.0,75.0,6.0,2.0,0.0,2.0,0.0,7.0,2.0,2.0,1.0,3.0,1.0
2020-10-17,0.0,5.0,2.0,5.0,2.0,4.0,10.0,3.0,0.0,3.0,4.0,1.0,5.0,12.0,34.0,7.0,2.0,0.0,1.0,1.0,13.0,0.0,6.0,3.0,4.0,1.0
2020-10-18,1.0,3.0,1.0,7.0,0.0,2.0,2.0,5.0,0.0,3.0,6.0,7.0,3.0,9.0,50.0,5.0,1.0,1.0,1.0,1.0,8.0,4.0,1.0,1.0,1.0,0.0
2020-10-19,1.0,0.0,0.0,4.0,1.0,8.0,5.0,9.0,2.0,1.0,8.0,4.0,3.0,14.0,55.0,6.0,5.0,2.0,2.0,0.0,8.0,0.0,3.0,0.0,2.0,0.0
2020-10-20,1.0,2.0,0.0,6.0,0.0,1.0,4.0,2.0,2.0,4.0,7.0,3.0,3.0,13.0,67.0,1.0,1.0,0.0,1.0,0.0,9.0,2.0,1.0,0.0,3.0,3.0
2020-10-21,2.0,4.0,1.0,3.0,3.0,4.0,1.0,3.0,1.0,2.0,5.0,7.0,2.0,16.0,52.0,4.0,2.0,0.0,0.0,0.0,9.0,3.0,1.0,1.0,2.0,0.0
2020-10-22,2.0,6.0,0.0,4.0,2.0,0.0,4.0,2.0,0.0,3.0,2.0,5.0,5.0,12.0,42.0,5.0,2.0,0.0,3.0,0.0,8.0,3.0,0.0,1.0,1.0,1.0
2020-10-23,2.0,4.0,2.0,6.0,2.0,2.0,6.0,3.0,1.0,1.0,6.0,4.0,6.0,7.0,39.0,4.0,1.0,1.0,1.0,1.0,6.0,4.0,7.0,1.0,0.0,0.0
2020-10-24,1.0,2.0,0.0,1.0,1.0,4.0,5.0,4.0,1.0,2.0,5.0,5.0,4.0,7.0,35.0,4.0,2.0,1.0,3.0,0.0,10.0,3.0,2.0,2.0,0.0,1.0
2020-10-25,0.0,2.0,0.0,2.0,2.0,4.0,6.0,4.0,3.0,0.0,3.0,0.0,3.0,4.0,37.0,7.0,2.0,0.0,1.0,0.0,2.0,4.0,4.0,3.0,1.0,0.0
2020-10-26,1.0,4.0,2.0,6.0,2.0,2.0,4.0,4.0,1.0,6.0,8.0,0.0,5.0,11.0,51.0,2.0,0.0,1.0,1.0,0.0,6.0,3.0,0.0,1.0,2.0,1.0
2020-10-27,0.0,4.0,3.0,2.0,3.0,4.0,5.0,4.0,1.0,2.0,4.0,4.0,9.0,6.0,49.0,0.0,0.0,0.0,0.0,1.0,5.0,4.0,0.0,1.0,0.0,1.0
2020-10-28,0.0,4.0,2.0,6.0,0.0,4.0,4.0,6.0,0.0,1.0,3.0,3.0,5.0,18.0,44.0,3.0,0.0,2.0,1.0,0.0,5.0,3.0,3.0,0.0,4.0,1.0
2020-10-29,0.0,7.0,1.0,3.0,3.0,3.0,4.0,4.0,0.0,2.0,8.0,3.0,7.0,5.0,36.0,6.0,0.0,1.0,1.0,2.0,7.0,1.0,2.0,0.0,0.0,1.0
2020-10-30,1.0,4.0,3.0,5.0,2.0,2.0,5.0,2.0,1.0,0.0,6.0,5.0,8.0,9.0,50.0,7.0,1.0,2.0,0.0,0.0,7.0,3.0,1.0,1.0,1.0,1.0
2020-10-31,2.0,1.0,3.0,2.0,0.0,2.0,7.0,1.0,1.0,1.0,2.0,5.0,5.0,6.0,34.0,4.0,0.0,0.0,1.0,0.0,6.0,3.0,1.0,1.0,3.0,2.0
2020-11-01,2.0,6.0,3.0,4.0,0.0,2.0,10.0,2.0,2.0,3.0,5.0,3.0,3.0,8.0,38.0,5.0,1.0,0.0,1.0,0.0,8.0,3.0,4.0,1.0,0.0,2.0
2020-11-02,0.0,4.0,2.0,1.0,2.0,6.0,3.0,2.0,0.0,1.0,7.0,6.0,3.0,10.0,36.0,4.0,1.0,0.0,1.0,1.0,9.0,4.0,0.0,2.0,0.0,1.0
2020-11-03,1.0,3.0,0.0,4.0,0.0,2.0,6.0,4.0,0.0,2.0,2.0,3.0,3.0,6.0,35.0,3.0,0.0,0.0,1.0,2.0,9.0,7.0,2.0,1.0,1.0,0.0
2020-11-04,2.0,2.0,1.0,6.0,0.0,3.0,5.0,2.0,0.0,3.0,3.0,1.0,5.0,8.0,57.0,5.0,0.0,0.0,1.0,2.0,10.0,3.0,3.0,3.0,0.0,2.0
2020-11-05,0.0,5.0,1.0,3.0,0.0,2.0,6.0,3.0,0.0,4.0,3.0,4.0,7.0,6.0,30.0,4.0,2.0,2.0,1.0,0.0,10.0,3.0,0.0,0.0,1.0,0.0
2020-11-06,1.0,3.0,0.0,6.0,1.0,3.0,2.0,2.0,2.0,2.0,1.0,4.0,4.0,5.0,45.0,1.0,2.0,0.0,1.0,0.0,13.0,2.0,2.0,0.0,0.0,5.0
2020-11-07,0.0,2.0,2.0,3.0,1.0,3.0,5.0,1.0,0.0,0.0,3.0,2.0,5.0,10.0,32.0,3.0,1.0,1.0,2.0,0.0,5.0,2.0,0.0,3.0,4.0,2.0
2020-11-08,1.0,7.0,1.0,3.0,3.0,0.0,6.0,3.0,2.0,3.0,2.0,0.0,4.0,7.0,46.0,3.0,3.0,0.0,1.0,0.0,6.0,0.0,3.0,0.0,0.0,0.0
2020-11-09,0.0,2.0,1.0,5.0,2.0,4.0,8.0,1.0,1.0,1.0,2.0,1.0,5.0,14.0,41.0,2.0,0.0,0.0,1.0,2.0,12.0,2.0,0.0,0.0,1.0,1.0
2020-11-10,1.0,2.0,0.0,3.0,0.0,6.0,4.0,3.0,0.0,3.0,4.0,2.0,5.0,13.0,43.0,1.0,2.0,0.0,1.0,1.0,6.0,0.0,2.0,1.0,1.0,0.0
2020-11-11,1.0,4.0,1.0,1.0,1.0,1.0,8.0,5.0,1.0,2.0,5.0,3.0,4.0,10.0,27.0,5.0,1.0,1.0,0.0,0.0,5.0,3.0,1.0,1.0,2.0,1.0
2020-11-12,0.0,1.0,4.0,3.0,2.0,3.0,5.0,7.0,0.0,1.0,3.0,1.0,13.0,6.0,28.0,3.0,0.0,1.0,0.0,0.0,8.0,1.0,4.0,0.0,0.0,1.0
2020-11-13,1.0,3.0,3.0,5.0,2.0,3.0,6.0,2.0,0.0,5.0,2.0,9.0,7.0,9.0,36.0,3.0,1.0,1.0,2.0,0.0,14.0,4.0,2.0,2.0,0.0,2.0
2020-11-14,2.0,5.0,1.0,7.0,0.0,2.0,2.0,1.0,2.0,1.0,5.0,4.0,4.0,9.0,38.0,3.0,2.0,0.0,0.0,1.0,8.0,2.0,0.0,1.0,0.0,4.0
2020-11-15,0.0,6.0,0.0,6.0,0.0,2.0,1.0,2.0,1.0,1.0,3.0,2.0,3.0,3.0,19.0,3.0,0.0,0.0,0.0,0.0,12.0,0.0,2.0,1.0,1.0,1.0
2020-11-16,0.0,1.0,3.0,9.0,3.0,2.0,5.0,3.0,0.0,1.0,6.0,3.0,8.0,12.0,20.0,2.0,1.0,0.0,0.0,0.0,12.0,1.0,1.0,0.0,0.0,0.0
2020-11-17,0.0,6.0,0.0,6.0,2.0,2.0,1.0,5.0,1.0,0.0,4.0,2.0,8.0,6.0,36.0,5.0,1.0,0.0,1.0,0.0,14.0,0.0,1.0,0.0,1.0,1.0
2020-11-18,0.0,3.0,1.0,5.0,0.0,0.0,5.0,4.0,0.0,1.0,3.0,0.0,2.0,11.0,31.0,3.0,1.0,0.0,0.0,0.0,16.0,2.0,0.0,2.0,0.0,3.0
2020-11-19,0.0,6.0,0.0,2.0,0.0,2.0,5.0,1.0,1.0,1.0,2.0,2.0,6.0,9.0,30.0,0.0,1.0,1.0,0.0,0.0,10.0,0.0,2.0,1.0,0.0,1.0
2020-11-20,1.0,3.0,1.0,2.0,0.0,5.0,3.0,0.0,0.0,4.0,4.0,3.0,9.0,5.0,46.0,1.0,2.0,0.0,1.0,0.0,8.0,3.0,0.0,0.0,2.0,1.0
2020-11-21,1.0,2.0,0.0,2.0,5.0,0.0,1.0,2.0,2.0,2.0,4.0,2.0,6.0,7.0,47.0,2.0,1.0,0.0,2.0,0.0,10.0,1.0,2.0,0.0,2.0,2.0
2020-11-22,1.0,4.0,0.0,1.0,0.0,3.0,2.0,0.0,1.0,2.0,4.0,2.0,6.0,6.0,30.0,4.0,1.0,1.0,0.0,2.0,15.0,0.0,1.0,0.0,1.0,1.0
2020-11-23,2.0,1.0,4.0,5.0,1.0,4.0,0.0,3.0,1.0,0.0,3.0,3.0,4.0,14.0,32.0,2.0,0.0,0.0,0.0,1.0,14.0,4.0,1.0,1.0,0.0,1.0
2020-11-24,1.0,3.0,3.0,6.0,0.0,2.0,4.0,3.0,0.0,2.0,5.0,4.0,3.0,11.0,30.0,3.0,2.0,0.0,0.0,1.0,12.0,1.0,2.0,0.0,3.0,1.0
2020-11-25,0.0,3.0,1.0,2.0,1.0,1.0,4.0,2.0,1.0,0.0,4.0,2.0,5.0,10.0,24.0,3.0,1.0,0.0,3.0,2.0,16.0,0.0,1.0,1.0,3.0,1.0
2020-11-26,2.0,3.0,0.0,6.0,0.0,1.0,3.0,3.0,0.0,0.0,3.0,1.0,7.0,12.0,36.0,2.0,1.0,0.0,1.0,1.0,13.0,2.0,2.0,1.0,1.0,1.0
2020-11-27,0.0,2.0,2.0,1.0,1.0,0.0,5.0,1.0,0.0,3.0,2.0,3.0,6.0,11.0,26.0,6.0,0.0,0.0,0.0,0.0,14.0,0.0,2.0,1.0,1.0,1.0
2020-11-28,0.0,3.0,1.0,2.0,1.0,1.0,3.0,0.0,0.0,1.0,6.0,4.0,1.0,9.0,38.0,3.0,0.0,1.0,0.0,2.0,10.0,1.0,3.0,1.0,1.0,0.0
2020-11-29,0.0,1.0,2.0,7.0,1.0,1.0,4.0,4.0,0.0,0.0,2.0,2.0,2.0,4.0,31.0,2.0,0.0,0.0,0.0,1.0,15.0,1.0,0.0,1.0,1.0,2.0
2020-11-30,0.0,3.0,0.0,5.0,3.0,2.0,2.0,1.0,0.0,3.0,5.0,2.0,5.0,8.0,38.0,2.0,2.0,0.0,1.0,2.0,21.0,1.0,3.0,0.0,0.0,2.0
2020-12-01,0.0,2.0,0.0,4.0,1.0,4.0,3.0,2.0,0.0,1.0,4.0,6.0,8.0,9.0,39.0,3.0,0.0,0.0,0.0,1.0,10.0,2.0,3.0,0.0,1.0,1.0
2020-12-02,1.0,6.0,1.0,4.0,1.0,3.0,5.0,5.0,0.0,2.0,7.0,3.0,7.0,6.0,32.0,1.0,0.0,0.0,1.0,1.0,20.0,2.0,1.0,0.0,0.0,1.0
2020-12-03,0.0,3.0,0.0,2.0,0.0,2.0,3.0,1.0,1.0,2.0,5.0,2.0,6.0,5.0,29.0,5.0,1.0,0.0,0.0,0.0,11.0,0.0,1.0,0.0,2.0,0.0
2020-12-04,1.0,4.0,2.0,2.0,2.0,6.0,4.0,5.0,0.0,2.0,0.0,3.0,5.0,11.0,27.0,1.0,0.0,0.0,2.0,2.0,18.0,1.0,3.0,0.0,0.0,0.0
2020-12-05,1.0,8.0,2.0,2.0,1.0,2.0,5.0,4.0,0.0,2.0,1.0,3.0,6.0,10.0,24.0,0.0,0.0,0.0,0.0,0.0,15.0,1.0,3.0,1.0,1.0,0.0
2020-12-06,0.0,5.0,4.0,4.0,2.0,3.0,3.0,0.0,0.0,1.0,4.0,3.0,4.0,10.0,32.0,3.0,2.0,1.0,3.0,0.0,16.0,1.0,1.0,0.0,1.0,2.0
2020-12-07,0.0,6.0,1.0,2.0,1.0,2.0,3.0,3.0,0.0,2.0,3.0,1.0,8.0,13.0,37.0,3.0,1.0,0.0,0.0,0.0,16.0,2.0,1.0,0.0,2.0,3.0
2020-12-08,1.0,3.0,2.0,3.0,2.0,5.0,4.0,2.0,1.0,0.0,1.0,4.0,2.0,8.0,26.0,0.0,0.0,1.0,0.0,3.0,20.0,1.0,0.0,0.0,0.0,1.0
2020-12-09,0.0,2.0,1.0,3.0,1.0,2.0,4.0,3.0,0.0,0.0,6.0,2.0,5.0,6.0,40.0,4.0,3.0,0.0,1.0,0.0,12.0,4.0,0.0,0.0,1.0,0.0
2020-12-10,1.0,0.0,2.0,4.0,1.0,3.0,3.0,2.0,1.0,3.0,1.0,1.0,6.0,9.0,37.0,5.0,0.0,0.0,0.0,0.0,19.0,1.0,1.0,0.0,2.0,0.0
2020-12-11,1.0,2.0,0.0,5.0,0.0,5.0,5.0,1.0,1.0,2.0,5.0,6.0,7.0,10.0,38.0,4.0,0.0,0.0,0.0,2.0,22.0,2.0,0.0,2.0,1.0,0.0
2020-12-12,0.0,4.0,5.0,4.0,1.0,2.0,3.0,1.0,0.0,5.0,3.0,3.0,4.0,12.0,47.0,2.0,1.0,0.0,2.0,1.0,13.0,6.0,0.0,1.0,1.0,0.0
2020-12-13,0.0,1.0,2.0,9.0,3.0,3.0,5.0,1.0,0.0,2.0,6.0,3.0,4.0,9.0,33.0,2.0,1.0,0.0,3.0,3.0,10.0,2.0,1.0,0.0,1.0,2.0
2020-12-14,1.0,4.0,1.0,5.0,1.0,4.0,4.0,4.0,1.0,2.0,3.0,2.0,7.0,8.0,38.0,6.0,1.0,1.0,2.0,1.0,20.0,3.0,0.0,0.0,1.0,1.0
2020-12-15,0.0,5.0,2.0,3.0,0.0,1.0,6.0,3.0,2.0,1.0,3.0,4.0,8.0,7.0,33.0,2.0,0.0,0.0,1.0,0.0,13.0,2.0,1.0,0.0,4.0,0.0
2020-12-16,0.0,9.0,1.0,6.0,3.0,3.0,6.0,2.0,1.0,2.0,11.0,3.0,3.0,10.0,33.0,1.0,1.0,0.0,0.0,0.0,12.0,0.0,1.0,0.0,1.0,1.0
2020-12-17,0.0,8.0,0.0,3.0,0.0,3.0,6.0,4.0,1.0,2.0,9.0,1.0,9.0,9.0,42.0,4.0,1.0,2.0,2.0,0.0,20.0,3.0,0.0,1.0,1.0,1.0
2020-12-18,0.0,3.0,1.0,4.0,2.0,1.0,3.0,1.0,0.0,5.0,9.0,4.0,5.0,6.0,46.0,2.0,2.0,1.0,3.0,2.0,10.0,3.0,0.0,0.0,2.0,3.0
2020-12-19,2.0,5.0,1.0,6.0,1.0,3.0,8.0,0.0,0.0,5.0,5.0,2.0,13.0,12.0,40.0,2.0,0.0,0.0,1.0,0.0,15.0,5.0,0.0,2.0,1.0,1.0
2020-12-20,2.0,6.0,1.0,5.0,0.0,3.0,5.0,1.0,1.0,3.0,7.0,1.0,7.0,7.0,44.0,6.0,1.0,1.0,2.0,2.0,16.0,0.0,2.0,0.0,1.0,0.0
2020-12-21,2.0,4.0,3.0,5.0,0.0,4.0,2.0,1.0,0.0,1.0,4.0,0.0,7.0,15.0,42.0,3.0,0.0,0.0,1.0,2.0,17.0,2.0,2.0,1.0,3.0,0.0
2020-12-22,1.0,4.0,1.0,11.0,0.0,5.0,7.0,5.0,0.0,1.0,10.0,2.0,10.0,8.0,39.0,3.0,0.0,1.0,2.0,0.0,11.0,4.0,1.0,0.0,0.0,1.0
2020-12-23,2.0,8.0,0.0,12.0,1.0,3.0,6.0,5.0,0.0,0.0,10.0,6.0,5.0,6.0,43.0,2.0,1.0,0.0,2.0,1.0,10.0,1.0,2.0,1.0,1.0,0.0
2020-12-24,2.0,3.0,4.0,3.0,0.0,2.0,6.0,3.0,0.0,6.0,6.0,4.0,4.0,5.0,41.0,4.0,0.0,0.0,1.0,4.0,10.0,4.0,1.0,1.0,3.0,1.0
2020-12-25,0.0,4.0,0.0,1.0,0.0,1.0,3.0,3.0,2.0,1.0,5.0,4.0,14.0,13.0,50.0,4.0,1.0,1.0,2.0,3.0,9.0,2.0,0.0,0.0,0.0,1.0
2020-12-26,2.0,6.0,1.0,10.0,1.0,4.0,4.0,0.0,0.0,6.0,6.0,4.0,10.0,10.0,41.0,4.0,1.0,0.0,4.0,2.0,15.0,2.0,1.0,1.0,3.0,3.0
2020-12-27,1.0,6.0,4.0,5.0,2.0,1.0,8.0,0.0,0.0,3.0,7.0,3.0,8.0,8.0,56.0,2.0,1.0,0.0,0.0,0.0,16.0,3.0,1.0,0.0,0.0,0.0
2020-12-28,2.0,4.0,0.0,4.0,0.0,4.0,8.0,4.0,0.0,5.0,8.0,1.0,10.0,6.0,53.0,4.0,2.0,0.0,0.0,0.0,20.0,3.0,1.0,3.0,0.0,1.0
2020-12-29,0.0,3.0,1.0,10.0,1.0,2.0,4.0,1.0,0.0,4.0,4.0,4.0,4.0,15.0,41.0,5.0,1.0,1.0,3.0,2.0,14.0,1.0,1.0,1.0,2.0,0.0
2020-12-30,0.0,7.0,2.0,8.0,2.0,1.0,6.0,3.0,0.0,9.0,7.0,6.0,14.0,18.0,54.0,3.0,0.0,1.0,2.0,0.0,17.0,5.0,1.0,2.0,3.0,3.0
2020-12-31,0.0,7.0,3.0,5.0,1.0,4.0,8.0,3.0,0.0,6.0,5.0,9.0,9.0,13.0,43.0,2.0,3.0,1.0,5.0,4.0,22.0,4.0,0.0,3.0,0.0,2.0
2021-01-01,0.0,6.0,5.0,10.0,1.0,2.0,8.0,1.0,1.0,3.0,6.0,5.0,9.0,9.0,55.0,1.0,0.0,1.0,4.0,0.0,15.0,1.0,1.0,1.0,1.0,1.0
2021-01-02,0.0,5.0,6.0,7.0,2.0,1.0,4.0,1.0,1.0,3.0,12.0,5.0,8.0,12.0,74.0,10.0,2.0,1.0,4.0,3.0,30.0,3.0,0.0,0.0,2.0,0.0
2021-01-03,0.0,12.0,0.0,4.0,2.0,1.0,6.0,4.0,2.0,4.0,7.0,5.0,6.0,6.0,74.0,5.0,0.0,0.0,5.0,1.0,11.0,6.0,3.0,1.0,5.0,3.0
2021-01-04,0.0,8.0,3.0,12.0,1.0,6.0,12.0,2.0,1.0,7.0,4.0,6.0,9.0,14.0,84.0,6.0,0.0,0.0,5.0,2.0,20.0,2.0,2.0,2.0,0.0,2.0
2021-01-05,1.0,6.0,8.0,15.0,1.0,6.0,5.0,3.0,1.0,4.0,7.0,5.0,10.0,11.0,72.0,2.0,0.0,0.0,1.0,2.0,18.0,2.0,0.0,1.0,0.0,1.0
2021-01-06,1.0,6.0,4.0,8.0,0.0,3.0,14.0,2.0,0.0,13.0,11.0,5.0,6.0,9.0,65.0,2.0,1.0,1.0,4.0,2.0,13.0,5.0,2.0,1.0,1.0,0.0
2021-01-07,0.0,10.0,4.0,7.0,1.0,3.0,12.0,6.0,1.0,9.0,12.0,14.0,8.0,4.0,78.0,5.0,3.0,0.0,6.0,4.0,15.0,3.0,1.0,1.0,0.0,1.0
2021-01-08,1.0,12.0,5.0,15.0,0.0,4.0,8.0,10.0,0.0,11.0,12.0,5.0,13.0,14.0,79.0,5.0,0.0,2.0,6.0,4.0,17.0,1.0,1.0,5.0,0.0,1.0
2021-01-09,0.0,7.0,7.0,11.0,0.0,2.0,13.0,1.0,0.0,13.0,8.0,8.0,7.0,6.0,96.0,5.0,0.0,0.0,5.0,1.0,21.0,4.0,0.0,2.0,0.0,3.0
2021-01-10,2.0,21.0,1.0,11.0,0.0,3.0,11.0,5.0,0.0,6.0,6.0,12.0,14.0,12.0,103.0,10.0,5.0,1.0,4.0,2.0,16.0,6.0,0.0,1.0,4.0,1.0
2021-01-11,1.0,7.0,3.0,17.0,1.0,4.0,13.0,4.0,2.0,14.0,9.0,7.0,10.0,11.0,101.0,7.0,2.0,4.0,4.0,6.0,14.0,4.0,2.0,1.0,3.0,3.0
2021-01-12,1.0,8.0,0.0,12.0,0.0,3.0,10.0,3.0,0.0,10.0,11.0,11.0,17.0,11.0,95.0,4.0,2.0,0.0,4.0,6.0,26.0,1.0,1.0,3.0,1.0,3.0
2021-01-13,0.0,8.0,5.0,11.0,5.0,6.0,8.0,7.0,3.0,15.0,19.0,14.0,15.0,13.0,134.0,2.0,0.0,1.0,5.0,6.0,20.0,5.0,0.0,10.0,3.0,2.0
2021-01-14,1.0,7.0,4.0,14.0,0.0,5.0,11.0,5.0,1.0,13.0,5.0,16.0,11.0,13.0,116.0,8.0,1.0,0.0,4.0,1.0,22.0,3.0,0.0,5.0,5.0,3.0
2021-01-15,1.0,15.0,5.0,11.0,2.0,8.0,17.0,5.0,2.0,17.0,7.0,25.0,15.0,15.0,133.0,9.0,3.0,0.0,1.0,3.0,21.0,3.0,7.0,2.0,2.0,4.0
2021-01-16,2.0,14.0,9.0,16.0,2.0,6.0,16.0,10.0,2.0,15.0,20.0,17.0,10.0,8.0,149.0,7.0,1.0,0.0,4.0,12.0,13.0,6.0,4.0,1.0,4.0,3.0
2021-01-17,1.0,8.0,3.0,16.0,3.0,5.0,13.0,4.0,2.0,14.0,12.0,14.0,11.0,9.0,149.0,6.0,5.0,3.0,4.0,10.0,24.0,2.0,3.0,3.0,0.0,2.0
2021-01-18,2.0,16.0,4.0,10.0,0.0,4.0,19.0,10.0,1.0,15.0,19.0,19.0,22.0,14.0,167.0,11.0,3.0,2.0,2.0,6.0,24.0,11.0,3.0,9.0,2.0,0.0
2021-01-19,2.0,15.0,9.0,15.0,5.0,12.0,23.0,8.0,3.0,20.0,22.0,31.0,17.0,13.0,164.0,13.0,3.0,0.0,4.0,8.0,18.0,5.0,1.0,5.0,2.0,1.0
2021-01-20,1.0,17.0,2.0,25.0,3.0,0.0,20.0,6.0,0.0,18.0,11.0,24.0,23.0,10.0,170.0,7.0,4.0,4.0,2.0,6.0,18.0,5.0,3.0,6.0,3.0,5.0
2021-01-21,1.0,11.0,6.0,13.0,0.0,5.0,26.0,11.0,1.0,17.0,18.0,23.0,21.0,13.0,179.0,16.0,4.0,1.0,8.0,7.0,26.0,9.0,4.0,11.0,3.0,7.0
2021-01-22,3.0,17.0,6.0,14.0,3.0,4.0,27.0,10.0,4.0,10.0,22.0,24.0,15.0,10.0,186.0,22.0,1.0,1.0,9.0,6.0,22.0,14.0,1.0,8.0,2.0,6.0
2021-01-23,4.0,19.0,5.0,20.0,3.0,12.0,19.0,9.0,2.0,14.0,26.0,27.0,18.0,12.0,228.0,16.0,4.0,2.0,5.0,4.0,28.0,7.0,3.0,9.0,2.0,3.0
2021-01-24,2.0,13.0,2.0,16.0,3.0,7.0,19.0,3.0,2.0,18.0,20.0,32.0,18.0,18.0,209.0,13.0,5.0,2.0,9.0,3.0,23.0,11.0,1.0,11.0,3.0,6.0
2021-01-25,0.0,18.0,6.0,21.0,3.0,8.0,31.0,14.0,5.0,27.0,28.0,23.0,25.0,21.0,253.0,17.0,9.0,2.0,6.0,1.0,25.0,18.0,6.0,8.0,4.0,4.0
2021-01-26,2.0,23.0,3.0,25.0,4.0,5.0,25.0,11.0,5.0,27.0,31.0,19.0,17.0,13.0,217.0,9.0,5.0,2.0,10.0,3.0,15.0,14.0,2.0,15.0,1.0,5.0
2021-01-27,2.0,17.0,5.0,28.0,5.0,10.0,29.0,12.0,2.0,23.0,28.0,25.0,13.0,21.0,216.0,9.0,8.0,0.0,7.0,5.0,17.0,9.0,4.0,16.0,5.0,6.0
2021-01-28,5.0,18.0,5.0,25.0,5.0,8.0,23.0,12.0,4.0,16.0,35.0,31.0,23.0,12.0,235.0,20.0,6.0,0.0,7.0,6.0,25.0,17.0,3.0,7.0,3.0,4.0
2021-01-29,4.0,15.0,4.0,23.0,4.0,7.0,28.0,19.0,5.0,12.0,36.0,27.0,15.0,16.0,218.0,19.0,10.0,0.0,3.0,5.0,27.0,15.0,3.0,11.0,3.0,9.0
2021-01-30,4.0,20.0,4.0,27.0,8.0,4.0,28.0,8.0,1.0,20.0,35.0,27.0,19.0,20.0,254.0,15.0,7.0,1.0,6.0,7.0,19.0,14.0,2.0,8.0,2.0,2.0
2021-01-31,5.0,18.0,9.0,23.0,8.0,10.0,37.0,14.0,9.0,16.0,41.0,33.0,19.0,16.0,273.0,21.0,8.0,1.0,4.0,1.0,24.0,19.0,3.0,13.0,0.0,7.0
2021-02-01,2.0,14.0,5.0,34.0,8.0,9.0,25.0,13.0,6.0,20.0,29.0,26.0,18.0,20.0,276.0,19.0,18.0,0.0,6.0,5.0,17.0,17.0,3.0,14.0,2.0,6.0
2021-02-02,4.0,18.0,3.0,21.0,4.0,17.0,39.0,12.0,3.0,14.0,33.0,35.0,19.0,18.0,241.0,16.0,6.0,0.0,5.0,3.0,20.0,7.0,2.0,12.0,4.0,5.0
2021-02-03,3.0,17.0,3.0,30.0,4.0,8.0,39.0,14.0,2.0,16.0,34.0,26.0,15.0,20.0,232.0,24.0,8.0,1.0,6.0,3.0,21.0,12.0,6.0,9.0,4.0,9.0
2021-02-04,3.0,17.0,2.0,21.0,7.0,9.0,39.0,15.0,1.0,5.0,35.0,38.0,13.0,17.0,293.0,21.0,9.0,1.0,6.0,8.0,23.0,13.0,1.0,20.0,4.0,5.0
2021-02-05,2.0,17.0,6.0,22.0,5.0,8.0,39.0,15.0,6.0,14.0,39.0,31.0,18.0,16.0,310.0,14.0,15.0,1.0,3.0,3.0,23.0,16.0,3.0,13.0,2.0,6.0
2021-02-06,0.0,8.0,10.0,21.0,5.0,10.0,40.0,9.0,5.0,10.0,27.0,30.0,29.0,16.0,268.0,20.0,11.0,0.0,2.0,4.0,17.0,9.0,3.0,13.0,7.0,10.0
2021-02-07,2.0,21.0,5.0,30.0,6.0,13.0,36.0,15.0,5.0,26.0,40.0,36.0,24.0,22.0,281.0,14.0,9.0,0.0,2.0,5.0,19.0,15.0,3.0,13.0,8.0,5.0
2021-02-08,1.0,17.0,7.0,23.0,3.0,6.0,36.0,9.0,3.0,23.0,35.0,29.0,22.0,25.0,316.0,20.0,16.0,0.0,2.0,1.0,24.0,19.0,8.0,12.0,4.0,4.0
2021-02-09,3.0,17.0,6.0,23.0,6.0,14.0,31.0,20.0,5.0,16.0,41.0,33.0,28.0,17.0,326.0,21.0,14.0,0.0,2.0,3.0,15.0,18.0,5.0,10.0,3.0,6.0
2021-02-10,4.0,11.0,5.0,34.0,6.0,8.0,44.0,15.0,8.0,18.0,38.0,33.0,31.0,15.0,276.0,27.0,15.0,0.0,3.0,6.0,17.0,23.0,3.0,12.0,6.0,4.0
2021-02-11,2.0,16.0,5.0,13.0,2.0,8.0,36.0,29.0,5.0,19.0,41.0,39.0,26.0,10.0,319.0,21.0,21.0,2.0,5.0,5.0,26.0,12.0,4.0,13.0,3.0,4.0
2021-02-12,5.0,19.0,5.0,31.0,4.0,13.0,44.0,17.0,3.0,12.0,46.0,24.0,29.0,17.0,354.0,24.0,22.0,3.0,2.0,6.0,20.0,12.0,4.0,13.0,3.0,6.0
2021-02-13,6.0,18.0,3.0,24.0,5.0,15.0,38.0,12.0,7.0,16.0,25.0,19.0,16.0,15.0,353.0,20.0,20.0,1.0,3.0,5.0,18.0,24.0,3.0,6.0,1.0,6.0
2021-02-14,4.0,20.0,4.0,20.0,11.0,6.0,38.0,15.0,2.0,12.0,34.0,33.0,28.0,14.0,327.0,24.0,19.0,1.0,3.0,6.0,18.0,19.0,6.0,13.0,2.0,9.0
2021-02-15,2.0,14.0,5.0,21.0,10.0,13.0,51.0,15.0,10.0,7.0,41.0,31.0,21.0,16.0,319.0,20.0,27.0,0.0,3.0,3.0,12.0,19.0,5.0,9.0,0.0,7.0
2021-02-16,3.0,14.0,1.0,17.0,9.0,6.0,38.0,16.0,6.0,10.0,48.0,29.0,31.0,12.0,365.0,32.0,22.0,1.0,1.0,3.0,14.0,22.0,6.0,15.0,3.0,8.0
2021-02-17,4.0,10.0,2.0,23.0,3.0,6.0,48.0,17.0,5.0,6.0,36.0,31.0,36.0,11.0,365.0,22.0,25.0,0.0,0.0,3.0,21.0,22.0,1.0,3.0,3.0,10.0
2021-02-18,5.0,13.0,10.0,20.0,8.0,9.0,50.0,14.0,3.0,9.0,35.0,32.0,23.0,21.0,325.0,29.0,15.0,0.0,1.0,0.0,17.0,11.0,3.0,14.0,6.0,11.0
2021-02-19,5.0,11.0,3.0,20.0,7.0,8.0,32.0,20.0,12.0,11.0,31.0,46.0,32.0,14.0,348.0,21.0,25.0,1.0,1.0,6.0,17.0,22.0,3.0,9.0,4.0,8.0
2021-02-20,2.0,18.0,4.0,25.0,6.0,4.0,44.0,9.0,7.0,4.0,40.0,35.0,18.0,19.0,331.0,28.0,31.0,1.0,1.0,4.0,16.0,16.0,2.0,15.0,6.0,9.0
2021-02-21,4.0,17.0,3.0,29.0,13.0,7.0,40.0,18.0,5.0,8.0,36.0,26.0,21.0,10.0,359.0,24.0,25.0,2.0,1.0,3.0,18.0,12.0,3.0,11.0,3.0,6.0
2021-02-22,4.0,11.0,1.0,34.0,9.0,9.0,32.0,26.0,8.0,6.0,33.0,35.0,20.0,20.0,353.0,18.0,16.0,2.0,1.0,3.0,21.0,17.0,2.0,13.0,4.0,3.0
2021-02-23,2.0,16.0,4.0,19.0,8.0,12.0,23.0,26.0,10.0,7.0,24.0,24.0,18.0,20.0,337.0,19.0,26.0,1.0,2.0,1.0,19.0,14.0,7.0,5.0,1.0,5.0
2021-02-24,1.0,10.0,4.0,16.0,6.0,5.0,49.0,19.0,6.0,11.0,24.0,26.0,30.0,12.0,327.0,24.0,27.0,1.0,2.0,3.0,22.0,20.0,5.0,12.0,7.0,8.0
2021-02-25,1.0,12.0,2.0,24.0,11.0,11.0,24.0,23.0,2.0,6.0,30.0,23.0,21.0,8.0,369.0,27.0,13.0,2.0,0.0,6.0,16.0,19.0,6.0,7.0,4.0,11.0
2021-02-26,1.0,10.0,2.0,21.0,7.0,11.0,38.0,20.0,5.0,2.0,36.0,20.0,25.0,17.0,358.0,26.0,15.0,0.0,2.0,6.0,11.0,20.0,3.0,12.0,3.0,10.0
2021-02-27,3.0,18.0,4.0,17.0,7.0,7.0,41.0,17.0,1.0,5.0,33.0,30.0,32.0,16.0,357.0,24.0,21.0,4.0,1.0,3.0,15.0,10.0,3.0,14.0,3.0,7.0
2021-02-28,2.0,16.0,5.0,23.0,8.0,7.0,40.0,21.0,9.0,3.0,34.0,30.0,19.0,12.0,328.0,26.0,22.0,0.0,4.0,2.0,21.0,11.0,4.0,13.0,2.0,7.0
2021-03-01,4.0,21.0,5.0,27.0,7.0,8.0,44.0,24.0,6.0,7.0,25.0,24.0,22.0,16.0,365.0,26.0,21.0,1.0,1.0,3.0,18.0,22.0,11.0,14.0,4.0,6.0
2021-03-02,2.0,11.0,8.0,30.0,6.0,16.0,36.0,16.0,2.0,4.0,28.0,24.0,22.0,21.0,355.0,31.0,20.0,1.0,3.0,3.0,18.0,4.0,8.0,7.0,7.0,4.0
2021-03-03,1.0,20.0,3.0,21.0,14.0,8.0,33.0,14.0,9.0,7.0,30.0,22.0,33.0,20.0,353.0,28.0,16.0,5.0,5.0,3.0,23.0,12.0,6.0,9.0,5.0,12.0
2021-03-04,4.0,18.0,1.0,12.0,7.0,10.0,38.0,28.0,4.0,7.0,31.0,25.0,26.0,20.0,330.0,28.0,17.0,1.0,1.0,2.0,17.0,14.0,3.0,12.0,5.0,3.0
2021-03-05,2.0,23.0,7.0,17.0,12.0,7.0,29.0,14.0,5.0,8.0,28.0,20.0,25.0,18.0,329.0,31.0,20.0,1.0,2.0,1.0,24.0,11.0,10.0,10.0,5.0,9.0
2021-03-06,4.0,14.0,9.0,19.0,9.0,11.0,30.0,23.0,1.0,4.0,23.0,21.0,22.0,19.0,329.0,27.0,9.0,1.0,0.0,1.0,20.0,10.0,4.0,9.0,9.0,3.0
2021-03-07,2.0,11.0,3.0,15.0,10.0,7.0,34.0,28.0,4.0,4.0,17.0,27.0,29.0,12.0,315.0,14.0,15.0,0.0,2.0,1.0,17.0,6.0,4.0,7.0,5.0,3.0
2021-03-08,4.0,10.0,3.0,17.0,9.0,9.0,36.0,16.0,5.0,4.0,18.0,15.0,23.0,16.0,377.0,36.0,17.0,1.0,2.0,2.0,23.0,6.0,3.0,6.0,5.0,4.0
2021-03-09,3.0,17.0,2.0,18.0,9.0,13.0,35.0,13.0,3.0,5.0,38.0,22.0,30.0,13.0,351.0,21.0,17.0,1.0,1.0,2.0,27.0,16.0,7.0,8.0,2.0,10.0
2021-03-10,5.0,15.0,3.0,15.0,9.0,11.0,38.0,14.0,2.0,8.0,25.0,24.0,33.0,13.0,300.0,24.0,13.0,3.0,3.0,4.0,27.0,8.0,4.0,8.0,8.0,8.0
2021-03-11,3.0,24.0,10.0,16.0,11.0,16.0,37.0,22.0,3.0,10.0,22.0,12.0,22.0,13.0,330.0,23.0,14.0,0.0,2.0,4.0,25.0,12.0,8.0,8.0,6.0,10.0
2021-03-12,2.0,18.0,2.0,17.0,16.0,14.0,35.0,14.0,5.0,1.0,20.0,25.0,28.0,24.0,311.0,27.0,9.0,3.0,0.0,1.0,19.0,8.0,5.0,4.0,3.0,12.0
2021-03-13,7.0,22.0,3.0,15.0,15.0,12.0,42.0,25.0,3.0,2.0,32.0,17.0,21.0,20.0,301.0,23.0,16.0,3.0,1.0,4.0,22.0,13.0,5.0,5.0,6.0,12.0
2021-03-14,3.0,16.0,3.0,15.0,6.0,9.0,38.0,22.0,3.0,4.0,21.0,19.0,23.0,9.0,343.0,24.0,11.0,4.0,1.0,4.0,26.0,7.0,6.0,1.0,6.0,17.0
2021-03-15,1.0,20.0,2.0,10.0,6.0,9.0,35.0,17.0,4.0,8.0,19.0,17.0,32.0,16.0,353.0,37.0,11.0,3.0,3.0,3.0,30.0,12.0,7.0,6.0,5.0,9.0
2021-03-16,1.0,19.0,6.0,7.0,10.0,15.0,32.0,16.0,7.0,4.0,21.0,23.0,41.0,12.0,352.0,35.0,14.0,0.0,1.0,2.0,22.0,10.0,2.0,4.0,6.0,14.0
2021-03-17,2.0,20.0,3.0,18.0,9.0,13.0,37.0,17.0,3.0,2.0,21.0,17.0,28.0,16.0,363.0,27.0,7.0,4.0,0.0,3.0,23.0,10.0,7.0,2.0,7.0,8.0
2021-03-18,7.0,23.0,6.0,7.0,12.0,16.0,40.0,13.0,2.0,4.0,27.0,10.0,36.0,27.0,340.0,24.0,12.0,6.0,0.0,4.0,37.0,10.0,8.0,4.0,11.0,16.0
2021-03-19,2.0,23.0,4.0,27.0,7.0,18.0,32.0,17.0,6.0,6.0,21.0,16.0,35.0,18.0,322.0,24.0,13.0,3.0,1.0,6.0,21.0,12.0,6.0,1.0,8.0,16.0
2021-03-20,1.0,19.0,3.0,8.0,8.0,12.0,40.0,16.0,4.0,5.0,21.0,22.0,25.0,20.0,316.0,25.0,5.0,1.0,1.0,1.0,31.0,7.0,2.0,4.0,9.0,14.0
2021-03-21,2.0,13.0,5.0,15.0,11.0,14.0,29.0,16.0,2.0,6.0,16.0,14.0,39.0,22.0,328.0,29.0,11.0,4.0,0.0,2.0,33.0,14.0,10.0,7.0,5.0,13.0
2021-03-22,2.0,14.0,6.0,19.0,10.0,14.0,45.0,11.0,10.0,2.0,18.0,18.0,31.0,25.0,333.0,28.0,15.0,2.0,0.0,3.0,36.0,8.0,8.0,2.0,8.0,11.0
2021-03-23,2.0,19.0,7.0,9.0,9.0,11.0,42.0,20.0,2.0,7.0,18.0,22.0,38.0,31.0,350.0,27.0,10.0,5.0,1.0,4.0,27.0,9.0,10.0,3.0,7.0,22.0
2021-03-24,1.0,25.0,8.0,11.0,16.0,20.0,43.0,20.0,4.0,5.0,26.0,27.0,43.0,14.0,335.0,25.0,10.0,5.0,2.0,2.0,32.0,8.0,9.0,1.0,5.0,14.0
2021-03-25,3.0,30.0,4.0,14.0,7.0,14.0,34.0,17.0,4.0,3.0,18.0,19.0,45.0,27.0,320.0,26.0,12.0,7.0,1.0,2.0,32.0,9.0,10.0,1.0,9.0,15.0
2021-03-26,1.0,22.0,5.0,6.0,9.0,22.0,31.0,16.0,2.0,5.0,27.0,11.0,35.0,26.0,361.0,23.0,9.0,6.0,2.0,3.0,32.0,5.0,17.0,6.0,4.0,17.0
2021-03-27,3.0,32.0,8.0,14.0,8.0,24.0,43.0,20.0,7.0,6.0,24.0,12.0,36.0,35.0,350.0,36.0,6.0,5.0,0.0,2.0,42.0,8.0,12.0,4.0,4.0,22.0
2021-03-28,5.0,27.0,6.0,10.0,11.0,25.0,36.0,22.0,8.0,5.0,32.0,16.0,34.0,15.0,344.0,33.0,8.0,6.0,1.0,4.0,42.0,4.0,7.0,2.0,8.0,28.0
2021-03-29,2.0,28.0,6.0,7.0,7.0,13.0,32.0,20.0,4.0,4.0,23.0,22.0,34.0,28.0,338.0,26.0,6.0,4.0,2.0,8.0,38.0,4.0,11.0,2.0,9.0,17.0
2021-03-30,4.0,25.0,4.0,7.0,12.0,19.0,39.0,17.0,8.0,3.0,23.0,18.0,40.0,32.0,352.0,28.0,10.0,2.0,1.0,3.0,45.0,12.0,14.0,4.0,6.0,24.0
2021-03-31,3.0,29.0,6.0,17.0,7.0,18.0,37.0,22.0,5.0,6.0,22.0,21.0,36.0,31.0,337.0,32.0,7.0,2.0,1.0,4.0,36.0,13.0,17.0,8.0,10.0,21.0
2021-04-01,4.0,25.0,6.0,12.0,8.0,27.0,35.0,14.0,5.0,4.0,31.0,21.0,38.0,26.0,362.0,33.0,3.0,4.0,0.0,6.0,37.0,10.0,8.0,2.0,9.0,18.0
2021-04-02,4.0,26.0,2.0,12.0,8.0,18.0,41.0,16.0,5.0,5.0,18.0,23.0,39.0,31.0,347.0,31.0,6.0,7.0,0.0,1.0,50.0,9.0,13.0,3.0,6.0,21.0
2021-04-03,4.0,27.0,2.0,16.0,7.0,17.0,38.0,30.0,2.0,3.0,19.0,21.0,52.0,20.0,340.0,34.0,7.0,4.0,2.0,4.0,46.0,10.0,17.0,2.0,6.0,19.0
2021-04-04,3.0,29.0,2.0,11.0,8.0,21.0,36.0,26.0,7.0,8.0,26.0,21.0,47.0,35.0,335.0,30.0,4.0,5.0,0.0,2.0,55.0,12.0,12.0,4.0,8.0,19.0
2021-04-05,3.0,35.0,8.0,12.0,8.0,19.0,41.0,27.0,6.0,6.0,36.0,24.0,40.0,30.0,351.0,29.0,5.0,2.0,1.0,3.0,62.0,12.0,12.0,2.0,5.0,15.0
2021-04-06,2.0,27.0,1.0,8.0,6.0,23.0,32.0,27.0,6.0,4.0,18.0,16.0,46.0,32.0,358.0,25.0,6.0,2.0,2.0,6.0,57.0,6.0,11.0,5.0,5.0,36.0
2021-04-07,4.0,31.0,8.0,19.0,6.0,17.0,51.0,20.0,5.0,4.0,36.0,14.0,45.0,27.0,335.0,30.0,1.0,4.0,0.0,1.0,43.0,5.0,15.0,2.0,9.0,18.0
2021-04-08,3.0,32.0,6.0,17.0,9.0,21.0,31.0,24.0,7.0,6.0,38.0,24.0,37.0,36.0,332.0,39.0,2.0,8.0,0.0,2.0,55.0,19.0,14.0,4.0,5.0,15.0
2021-04-09,0.0,40.0,7.0,14.0,13.0,23.0,41.0,25.0,3.0,6.0,26.0,32.0,52.0,28.0,355.0,37.0,5.0,4.0,2.0,5.0,65.0,7.0,11.0,5.0,15.0,21.0
2021-04-10,7.0,32.0,13.0,10.0,12.0,22.0,36.0,20.0,2.0,2.0,35.0,32.0,56.0,36.0,312.0,42.0,9.0,1.0,1.0,7.0,57.0,12.0,13.0,4.0,8.0,21.0
2021-04-11,4.0,31.0,15.0,21.0,10.0,17.0,35.0,17.0,6.0,14.0,25.0,22.0,66.0,39.0,325.0,34.0,5.0,2.0,2.0,8.0,64.0,14.0,13.0,2.0,5.0,15.0
2021-04-12,7.0,38.0,9.0,23.0,6.0,25.0,30.0,24.0,9.0,5.0,18.0,19.0,62.0,30.0,350.0,40.0,7.0,4.0,1.0,6.0,57.0,10.0,25.0,4.0,5.0,10.0
2021-04-13,8.0,32.0,6.0,23.0,8.0,23.0,42.0,22.0,7.0,12.0,29.0,22.0,63.0,43.0,334.0,40.0,9.0,5.0,1.0,1.0,64.0,8.0,12.0,3.0,3.0,11.0
2021-04-14,2.0,44.0,6.0,19.0,11.0,30.0,35.0,22.0,9.0,9.0,24.0,19.0,53.0,31.0,296.0,35.0,6.0,4.0,2.0,6.0,60.0,7.0,19.0,3.0,7.0,22.0
2021-04-15,4.0,46.0,8.0,15.0,7.0,22.0,21.0,26.0,8.0,2.0,24.0,29.0,46.0,29.0,337.0,31.0,1.0,3.0,5.0,1.0,44.0,6.0,10.0,1.0,6.0,21.0
2021-04-16,5.0,41.0,8.0,20.0,7.0,18.0,33.0,26.0,9.0,7.0,39.0,24.0,58.0,31.0,324.0,42.0,8.0,2.0,3.0,5.0,73.0,11.0,11.0,5.0,7.0,14.0
2021-04-17,4.0,37.0,7.0,18.0,9.0,29.0,37.0,25.0,9.0,9.0,24.0,33.0,47.0,46.0,292.0,40.0,3.0,4.0,3.0,5.0,62.0,6.0,6.0,4.0,5.0,17.0
2021-04-18,7.0,39.0,9.0,19.0,4.0,20.0,48.0,35.0,6.0,8.0,20.0,33.0,50.0,38.0,329.0,21.0,10.0,6.0,5.0,5.0,57.0,7.0,17.0,4.0,11.0,12.0
2021-04-19,7.0,51.0,8.0,21.0,7.0,31.0,28.0,22.0,10.0,7.0,23.0,36.0,55.0,35.0,320.0,31.0,6.0,2.0,4.0,5.0,78.0,14.0,15.0,0.0,7.0,12.0
2021-04-20,6.0,41.0,13.0,20.0,9.0,21.0,32.0,23.0,8.0,3.0,27.0,30.0,56.0,28.0,333.0,38.0,6.0,2.0,3.0,3.0,80.0,18.0,15.0,2.0,6.0,22.0
2021-04-21,6.0,27.0,13.0,21.0,8.0,30.0,40.0,24.0,2.0,11.0,46.0,23.0,46.0,33.0,307.0,37.0,5.0,4.0,3.0,4.0,68.0,12.0,7.0,4.0,6.0,8.0
2021-04-22,7.0,40.0,9.0,18.0,4.0,40.0,30.0,25.0,7.0,17.0,36.0,28.0,56.0,46.0,305.0,35.0,2.0,3.0,0.0,2.0,59.0,15.0,22.0,3.0,7.0,14.0
2021-04-23,11.0,38.0,14.0,19.0,11.0,38.0,24.0,20.0,5.0,12.0,39.0,38.0,68.0,28.0,303.0,33.0,7.0,1.0,3.0,6.0,55.0,15.0,13.0,2.0,10.0,10.0
2021-04-24,4.0,43.0,13.0,27.0,4.0,24.0,21.0,24.0,10.0,9.0,32.0,28.0,48.0,32.0,283.0,30.0,8.0,2.0,2.0,4.0,63.0,11.0,17.0,4.0,4.0,10.0
2021-04-25,5.0,32.0,15.0,21.0,9.0,27.0,27.0,22.0,7.0,8.0,29.0,35.0,44.0,38.0,302.0,28.0,1.0,2.0,2.0,3.0,54.0,13.0,21.0,2.0,8.0,8.0
2021-04-26,7.0,44.0,11.0,30.0,10.0,17.0,35.0,21.0,5.0,10.0,32.0,33.0,47.0,36.0,287.0,28.0,3.0,2.0,3.0,4.0,44.0,11.0,12.0,6.0,7.0,11.0
2021-04-27,3.0,37.0,14.0,26.0,6.0,30.0,25.0,21.0,4.0,6.0,31.0,36.0,45.0,30.0,251.0,34.0,2.0,4.0,1.0,4.0,51.0,24.0,16.0,3.0,8.0,17.0
2021-04-28,10.0,35.0,13.0,27.0,6.0,27.0,35.0,26.0,4.0,8.0,30.0,26.0,44.0,36.0,273.0,35.0,4.0,3.0,5.0,2.0,55.0,8.0,21.0,5.0,8.0,8.0
2021-04-29,6.0,49.0,14.0,23.0,10.0,31.0,34.0,27.0,4.0,6.0,28.0,42.0,50.0,37.0,280.0,36.0,3.0,1.0,3.0,6.0,45.0,17.0,14.0,4.0,6.0,15.0
2021-04-30,3.0,30.0,14.0,28.0,11.0,25.0,25.0,17.0,10.0,5.0,27.0,31.0,38.0,39.0,249.0,33.0,4.0,3.0,2.0,3.0,48.0,16.0,14.0,7.0,11.0,9.0
2021-05-01,10.0,37.0,10.0,29.0,7.0,32.0,30.0,31.0,4.0,14.0,34.0,34.0,35.0,35.0,237.0,42.0,2.0,1.0,4.0,5.0,44.0,15.0,7.0,4.0,4.0,17.0
2021-05-02,5.0,30.0,16.0,19.0,5.0,28.0,24.0,18.0,7.0,12.0,28.0,33.0,44.0,31.0,258.0,32.0,3.0,3.0,1.0,6.0,62.0,16.0,10.0,5.0,2.0,14.0
2021-05-03,3.0,46.0,15.0,22.0,11.0,20.0,20.0,26.0,3.0,13.0,43.0,39.0,42.0,33.0,228.0,28.0,6.0,2.0,4.0,5.0,45.0,15.0,18.0,8.0,6.0,15.0
2021-05-04,7.0,25.0,12.0,33.0,11.0,30.0,32.0,34.0,8.0,7.0,22.0,30.0,32.0,27.0,216.0,27.0,1.0,3.0,3.0,2.0,50.0,17.0,17.0,8.0,6.0,13.0
2021-05-05,9.0,32.0,11.0,30.0,13.0,22.0,19.0,23.0,3.0,7.0,35.0,34.0,51.0,42.0,234.0,22.0,2.0,0.0,7.0,4.0,55.0,18.0,17.0,2.0,6.0,10.0
2021-05-06,10.0,26.0,13.0,37.0,5.0,23.0,25.0,22.0,7.0,8.0,35.0,34.0,46.0,24.0,229.0,29.0,2.0,0.0,5.0,4.0,35.0,13.0,12.0,6.0,6.0,10.0
2021-05-07,8.0,35.0,7.0,38.0,6.0,21.0,18.0,28.0,7.0,8.0,27.0,35.0,49.0,30.0,199.0,31.0,2.0,1.0,4.0,5.0,52.0,19.0,14.0,3.0,5.0,7.0
2021-05-08,5.0,28.0,13.0,31.0,7.0,17.0,28.0,14.0,5.0,11.0,34.0,26.0,44.0,30.0,193.0,30.0,5.0,1.0,1.0,1.0,41.0,19.0,9.0,5.0,1.0,12.0
2021-05-09,7.0,27.0,11.0,25.0,9.0,22.0,18.0,25.0,8.0,9.0,33.0,32.0,45.0,32.0,205.0,31.0,1.0,1.0,2.0,5.0,30.0,16.0,15.0,6.0,4.0,3.0
2021-05-10,4.0,28.0,11.0,29.0,13.0,14.0,27.0,19.0,5.0,10.0,30.0,35.0,39.0,28.0,193.0,27.0,4.0,1.0,8.0,8.0,39.0,16.0,10.0,5.0,4.0,7.0
2021-05-11,2.0,24.0,8.0,26.0,8.0,12.0,17.0,21.0,5.0,5.0,40.0,32.0,43.0,29.0,182.0,31.0,5.0,1.0,1.0,8.0,53.0,14.0,6.0,6.0,4.0,9.0
2021-05-12,2.0,28.0,7.0,36.0,14.0,18.0,21.0,20.0,8.0,12.0,20.0,42.0,35.0,35.0,184.0,22.0,5.0,2.0,3.0,2.0,42.0,13.0,10.0,5.0,4.0,4.0
2021-05-13,4.0,27.0,6.0,30.0,7.0,24.0,20.0,18.0,6.0,8.0,18.0,34.0,42.0,25.0,181.0,30.0,2.0,0.0,2.0,6.0,33.0,15.0,11.0,5.0,4.0,6.0
2021-05-14,10.0,23.0,11.0,31.0,7.0,18.0,15.0,17.0,4.0,2.0,25.0,25.0,31.0,27.0,182.0,21.0,1.0,1.0,4.0,4.0,39.0,16.0,8.0,5.0,7.0,6.0
2021-05-15,6.0,31.0,10.0,39.0,5.0,23.0,18.0,14.0,4.0,8.0,20.0,28.0,31.0,27.0,178.0,25.0,5.0,1.0,2.0,2.0,32.0,20.0,10.0,2.0,1.0,5.0
2021-05-16,1.0,23.0,9.0,32.0,9.0,23.0,24.0,24.0,2.0,2.0,27.0,42.0,38.0,31.0,150.0,26.0,2.0,1.0,2.0,12.0,38.0,18.0,10.0,7.0,5.0,2.0
2021-05-17,5.0,24.0,5.0,39.0,8.0,18.0,13.0,25.0,0.0,10.0,20.0,28.0,21.0,24.0,157.0,23.0,1.0,1.0,4.0,5.0,31.0,23.0,11.0,4.0,2.0,3.0
2021-05-18,1.0,22.0,13.0,43.0,8.0,25.0,14.0,14.0,6.0,8.0,23.0,43.0,42.0,20.0,128.0,17.0,6.0,3.0,5.0,4.0,27.0,17.0,10.0,4.0,3.0,7.0
2021-05-19,4.0,29.0,12.0,35.0,11.0,17.0,15.0,21.0,6.0,9.0,29.0,30.0,38.0,28.0,140.0,19.0,4.0,0.0,3.0,2.0,37.0,13.0,15.0,4.0,6.0,4.0
2021-05-20,8.0,17.0,12.0,39.0,4.0,15.0,12.0,15.0,1.0,7.0,24.0,26.0,37.0,17.0,118.0,22.0,1.0,1.0,3.0,2.0,31.0,12.0,9.0,3.0,1.0,8.0
2021-05-21,3.0,28.0,12.0,40.0,9.0,9.0,22.0,12.0,3.0,13.0,16.0,32.0,27.0,26.0,135.0,22.0,2.0,1.0,5.0,3.0,32.0,23.0,8.0,6.0,1.0,5.0
2021-05-22,4.0,25.0,8.0,32.0,14.0,13.0,16.0,17.0,2.0,9.0,16.0,21.0,25.0,23.0,135.0,10.0,0.0,2.0,4.0,2.0,31.0,14.0,10.0,4.0,4.0,2.0
2021-05-23,2.0,19.0,6.0,44.0,6.0,17.0,13.0,16.0,3.0,9.0,13.0,34.0,32.0,19.0,132.0,17.0,4.0,2.0,4.0,6.0,29.0,13.0,8.0,4.0,8.0,5.0
2021-05-24,5.0,19.0,3.0,30.0,5.0,12.0,13.0,19.0,1.0,11.0,27.0,31.0,23.0,22.0,117.0,22.0,2.0,0.0,3.0,0.0,24.0,20.0,6.0,5.0,3.0,6.0
2021-05-25,3.0,22.0,3.0,40.0,7.0,12.0,9.0,16.0,5.0,5.0,21.0,15.0,38.0,18.0,131.0,14.0,2.0,0.0,4.0,4.0,28.0,14.0,5.0,5.0,2.0,5.0
2021-05-26,4.0,24.0,9.0,41.0,11.0,13.0,18.0,20.0,7.0,7.0,21.0,22.0,28.0,14.0,123.0,14.0,2.0,0.0,7.0,4.0,27.0,18.0,6.0,3.0,4.0,2.0
2021-05-27,1.0,21.0,3.0,47.0,5.0,10.0,14.0,11.0,3.0,7.0,16.0,27.0,35.0,30.0,116.0,23.0,5.0,1.0,7.0,8.0,19.0,17.0,9.0,3.0,1.0,5.0
2021-05-28,4.0,21.0,7.0,45.0,3.0,15.0,15.0,20.0,4.0,6.0,26.0,25.0,29.0,13.0,104.0,21.0,4.0,1.0,4.0,7.0,24.0,19.0,7.0,6.0,6.0,2.0
2021-05-29,5.0,19.0,7.0,45.0,4.0,10.0,15.0,19.0,2.0,12.0,17.0,32.0,30.0,22.0,91.0,13.0,2.0,0.0,6.0,3.0,27.0,14.0,6.0,8.0,5.0,4.0
2021-05-30,5.0,8.0,13.0,43.0,4.0,5.0,13.0,20.0,5.0,7.0,23.0,28.0,28.0,24.0,96.0,13.0,1.0,0.0,6.0,1.0,27.0,12.0,12.0,5.0,4.0,7.0
2021-05-31,7.0,20.0,5.0,46.0,5.0,12.0,10.0,15.0,1.0,5.0,20.0,29.0,28.0,10.0,98.0,13.0,2.0,0.0,1.0,7.0,24.0,15.0,6.0,7.0,2.0,4.0
2021-06-01,4.0,13.0,7.0,54.0,5.0,9.0,16.0,17.0,1.0,10.0,21.0,31.0,33.0,22.0,77.0,19.0,3.0,1.0,3.0,8.0,20.0,22.0,5.0,4.0,0.0,4.0
2021-06-02,4.0,16.0,4.0,51.0,5.0,9.0,18.0,15.0,3.0,12.0,16.0,17.0,18.0,21.0,90.0,12.0,0.0,2.0,5.0,5.0,19.0,17.0,7.0,7.0,3.0,4.0
2021-06-03,3.0,16.0,5.0,46.0,2.0,7.0,10.0,17.0,3.0,9.0,20.0,31.0,17.0,13.0,87.0,18.0,4.0,2.0,3.0,1.0,20.0,17.0,8.0,4.0,1.0,4.0
2021-06-04,4.0,12.0,9.0,50.0,4.0,8.0,8.0,16.0,4.0,6.0,18.0,20.0,19.0,7.0,78.0,9.0,1.0,0.0,2.0,3.0,29.0,9.0,3.0,3.0,3.0,1.0
2021-06-05,2.0,11.0,6.0,44.0,2.0,4.0,6.0,7.0,4.0,6.0,16.0,28.0,21.0,9.0,80.0,12.0,1.0,0.0,3.0,1.0,18.0,17.0,6.0,5.0,3.0,6.0
2021-06-06,5.0,12.0,6.0,54.0,4.0,4.0,7.0,11.0,1.0,5.0,14.0,21.0,13.0,10.0,74.0,9.0,0.0,0.0,2.0,3.0,20.0,19.0,3.0,2.0,0.0,0.0
2021-06-07,5.0,10.0,5.0,57.0,7.0,7.0,7.0,12.0,4.0,5.0,10.0,23.0,15.0,15.0,84.0,6.0,4.0,1.0,2.0,1.0,17.0,15.0,8.0,6.0,1.0,1.0
